-- Roles
INSERT INTO roles (id, rolename) VALUES (1, 'Admin') ON CONFLICT DO NOTHING;
INSERT INTO roles (id, rolename) VALUES (2, 'Teacher') ON CONFLICT DO NOTHING;
INSERT INTO roles (id, rolename) VALUES (3, 'Student') ON CONFLICT DO NOTHING;
INSERT INTO roles (id, rolename) VALUES (4, 'Parent') ON CONFLICT DO NOTHING;
INSERT INTO roles (id, rolename) VALUES (5, 'Staff') ON CONFLICT DO NOTHING;

-- Users
INSERT INTO users (id, username, passwordhash, email, roleid, isactive, createdat) VALUES (1, 'admin', 'hash', 'admin@erp.com', 1, true, CURRENT_TIMESTAMP);
INSERT INTO users (id, username, passwordhash, email, roleid, isactive, createdat) VALUES (2, 'teacher0', 'hash', 'teacher0@erp.com', 2, true, CURRENT_TIMESTAMP);
INSERT INTO users (id, username, passwordhash, email, roleid, isactive, createdat) VALUES (3, 'teacher1', 'hash', 'teacher1@erp.com', 2, true, CURRENT_TIMESTAMP);
INSERT INTO users (id, username, passwordhash, email, roleid, isactive, createdat) VALUES (4, 'teacher2', 'hash', 'teacher2@erp.com', 2, true, CURRENT_TIMESTAMP);
INSERT INTO users (id, username, passwordhash, email, roleid, isactive, createdat) VALUES (5, 'teacher3', 'hash', 'teacher3@erp.com', 2, true, CURRENT_TIMESTAMP);
INSERT INTO users (id, username, passwordhash, email, roleid, isactive, createdat) VALUES (6, 'teacher4', 'hash', 'teacher4@erp.com', 2, true, CURRENT_TIMESTAMP);
INSERT INTO users (id, username, passwordhash, email, roleid, isactive, createdat) VALUES (7, 'teacher5', 'hash', 'teacher5@erp.com', 2, true, CURRENT_TIMESTAMP);
INSERT INTO users (id, username, passwordhash, email, roleid, isactive, createdat) VALUES (8, 'teacher6', 'hash', 'teacher6@erp.com', 2, true, CURRENT_TIMESTAMP);
INSERT INTO users (id, username, passwordhash, email, roleid, isactive, createdat) VALUES (9, 'teacher7', 'hash', 'teacher7@erp.com', 2, true, CURRENT_TIMESTAMP);
INSERT INTO users (id, username, passwordhash, email, roleid, isactive, createdat) VALUES (10, 'teacher8', 'hash', 'teacher8@erp.com', 2, true, CURRENT_TIMESTAMP);
INSERT INTO users (id, username, passwordhash, email, roleid, isactive, createdat) VALUES (11, 'teacher9', 'hash', 'teacher9@erp.com', 2, true, CURRENT_TIMESTAMP);
INSERT INTO users (id, username, passwordhash, email, roleid, isactive, createdat) VALUES (12, 'teacher10', 'hash', 'teacher10@erp.com', 2, true, CURRENT_TIMESTAMP);
INSERT INTO users (id, username, passwordhash, email, roleid, isactive, createdat) VALUES (13, 'teacher11', 'hash', 'teacher11@erp.com', 2, true, CURRENT_TIMESTAMP);
INSERT INTO users (id, username, passwordhash, email, roleid, isactive, createdat) VALUES (14, 'teacher12', 'hash', 'teacher12@erp.com', 2, true, CURRENT_TIMESTAMP);
INSERT INTO users (id, username, passwordhash, email, roleid, isactive, createdat) VALUES (15, 'teacher13', 'hash', 'teacher13@erp.com', 2, true, CURRENT_TIMESTAMP);
INSERT INTO users (id, username, passwordhash, email, roleid, isactive, createdat) VALUES (16, 'teacher14', 'hash', 'teacher14@erp.com', 2, true, CURRENT_TIMESTAMP);
INSERT INTO users (id, username, passwordhash, email, roleid, isactive, createdat) VALUES (17, 'teacher15', 'hash', 'teacher15@erp.com', 2, true, CURRENT_TIMESTAMP);
INSERT INTO users (id, username, passwordhash, email, roleid, isactive, createdat) VALUES (18, 'teacher16', 'hash', 'teacher16@erp.com', 2, true, CURRENT_TIMESTAMP);
INSERT INTO users (id, username, passwordhash, email, roleid, isactive, createdat) VALUES (19, 'teacher17', 'hash', 'teacher17@erp.com', 2, true, CURRENT_TIMESTAMP);
INSERT INTO users (id, username, passwordhash, email, roleid, isactive, createdat) VALUES (20, 'teacher18', 'hash', 'teacher18@erp.com', 2, true, CURRENT_TIMESTAMP);
INSERT INTO users (id, username, passwordhash, email, roleid, isactive, createdat) VALUES (21, 'teacher19', 'hash', 'teacher19@erp.com', 2, true, CURRENT_TIMESTAMP);
INSERT INTO users (id, username, passwordhash, email, roleid, isactive, createdat) VALUES (22, 'teacher20', 'hash', 'teacher20@erp.com', 2, true, CURRENT_TIMESTAMP);
INSERT INTO users (id, username, passwordhash, email, roleid, isactive, createdat) VALUES (23, 'teacher21', 'hash', 'teacher21@erp.com', 2, true, CURRENT_TIMESTAMP);
INSERT INTO users (id, username, passwordhash, email, roleid, isactive, createdat) VALUES (24, 'teacher22', 'hash', 'teacher22@erp.com', 2, true, CURRENT_TIMESTAMP);
INSERT INTO users (id, username, passwordhash, email, roleid, isactive, createdat) VALUES (25, 'teacher23', 'hash', 'teacher23@erp.com', 2, true, CURRENT_TIMESTAMP);
INSERT INTO users (id, username, passwordhash, email, roleid, isactive, createdat) VALUES (26, 'teacher24', 'hash', 'teacher24@erp.com', 2, true, CURRENT_TIMESTAMP);
INSERT INTO users (id, username, passwordhash, email, roleid, isactive, createdat) VALUES (27, 'parent0', 'hash', 'parent0@erp.com', 4, true, CURRENT_TIMESTAMP);
INSERT INTO users (id, username, passwordhash, email, roleid, isactive, createdat) VALUES (28, 'parent1', 'hash', 'parent1@erp.com', 4, true, CURRENT_TIMESTAMP);
INSERT INTO users (id, username, passwordhash, email, roleid, isactive, createdat) VALUES (29, 'parent2', 'hash', 'parent2@erp.com', 4, true, CURRENT_TIMESTAMP);
INSERT INTO users (id, username, passwordhash, email, roleid, isactive, createdat) VALUES (30, 'parent3', 'hash', 'parent3@erp.com', 4, true, CURRENT_TIMESTAMP);
INSERT INTO users (id, username, passwordhash, email, roleid, isactive, createdat) VALUES (31, 'parent4', 'hash', 'parent4@erp.com', 4, true, CURRENT_TIMESTAMP);
INSERT INTO users (id, username, passwordhash, email, roleid, isactive, createdat) VALUES (32, 'parent5', 'hash', 'parent5@erp.com', 4, true, CURRENT_TIMESTAMP);
INSERT INTO users (id, username, passwordhash, email, roleid, isactive, createdat) VALUES (33, 'parent6', 'hash', 'parent6@erp.com', 4, true, CURRENT_TIMESTAMP);
INSERT INTO users (id, username, passwordhash, email, roleid, isactive, createdat) VALUES (34, 'parent7', 'hash', 'parent7@erp.com', 4, true, CURRENT_TIMESTAMP);
INSERT INTO users (id, username, passwordhash, email, roleid, isactive, createdat) VALUES (35, 'parent8', 'hash', 'parent8@erp.com', 4, true, CURRENT_TIMESTAMP);
INSERT INTO users (id, username, passwordhash, email, roleid, isactive, createdat) VALUES (36, 'parent9', 'hash', 'parent9@erp.com', 4, true, CURRENT_TIMESTAMP);
INSERT INTO users (id, username, passwordhash, email, roleid, isactive, createdat) VALUES (37, 'parent10', 'hash', 'parent10@erp.com', 4, true, CURRENT_TIMESTAMP);
INSERT INTO users (id, username, passwordhash, email, roleid, isactive, createdat) VALUES (38, 'parent11', 'hash', 'parent11@erp.com', 4, true, CURRENT_TIMESTAMP);
INSERT INTO users (id, username, passwordhash, email, roleid, isactive, createdat) VALUES (39, 'parent12', 'hash', 'parent12@erp.com', 4, true, CURRENT_TIMESTAMP);
INSERT INTO users (id, username, passwordhash, email, roleid, isactive, createdat) VALUES (40, 'parent13', 'hash', 'parent13@erp.com', 4, true, CURRENT_TIMESTAMP);
INSERT INTO users (id, username, passwordhash, email, roleid, isactive, createdat) VALUES (41, 'parent14', 'hash', 'parent14@erp.com', 4, true, CURRENT_TIMESTAMP);
INSERT INTO users (id, username, passwordhash, email, roleid, isactive, createdat) VALUES (42, 'parent15', 'hash', 'parent15@erp.com', 4, true, CURRENT_TIMESTAMP);
INSERT INTO users (id, username, passwordhash, email, roleid, isactive, createdat) VALUES (43, 'parent16', 'hash', 'parent16@erp.com', 4, true, CURRENT_TIMESTAMP);
INSERT INTO users (id, username, passwordhash, email, roleid, isactive, createdat) VALUES (44, 'parent17', 'hash', 'parent17@erp.com', 4, true, CURRENT_TIMESTAMP);
INSERT INTO users (id, username, passwordhash, email, roleid, isactive, createdat) VALUES (45, 'parent18', 'hash', 'parent18@erp.com', 4, true, CURRENT_TIMESTAMP);
INSERT INTO users (id, username, passwordhash, email, roleid, isactive, createdat) VALUES (46, 'parent19', 'hash', 'parent19@erp.com', 4, true, CURRENT_TIMESTAMP);
INSERT INTO users (id, username, passwordhash, email, roleid, isactive, createdat) VALUES (47, 'parent20', 'hash', 'parent20@erp.com', 4, true, CURRENT_TIMESTAMP);
INSERT INTO users (id, username, passwordhash, email, roleid, isactive, createdat) VALUES (48, 'parent21', 'hash', 'parent21@erp.com', 4, true, CURRENT_TIMESTAMP);
INSERT INTO users (id, username, passwordhash, email, roleid, isactive, createdat) VALUES (49, 'parent22', 'hash', 'parent22@erp.com', 4, true, CURRENT_TIMESTAMP);
INSERT INTO users (id, username, passwordhash, email, roleid, isactive, createdat) VALUES (50, 'parent23', 'hash', 'parent23@erp.com', 4, true, CURRENT_TIMESTAMP);
INSERT INTO users (id, username, passwordhash, email, roleid, isactive, createdat) VALUES (51, 'parent24', 'hash', 'parent24@erp.com', 4, true, CURRENT_TIMESTAMP);
INSERT INTO users (id, username, passwordhash, email, roleid, isactive, createdat) VALUES (52, 'parent25', 'hash', 'parent25@erp.com', 4, true, CURRENT_TIMESTAMP);
INSERT INTO users (id, username, passwordhash, email, roleid, isactive, createdat) VALUES (53, 'parent26', 'hash', 'parent26@erp.com', 4, true, CURRENT_TIMESTAMP);
INSERT INTO users (id, username, passwordhash, email, roleid, isactive, createdat) VALUES (54, 'parent27', 'hash', 'parent27@erp.com', 4, true, CURRENT_TIMESTAMP);
INSERT INTO users (id, username, passwordhash, email, roleid, isactive, createdat) VALUES (55, 'parent28', 'hash', 'parent28@erp.com', 4, true, CURRENT_TIMESTAMP);
INSERT INTO users (id, username, passwordhash, email, roleid, isactive, createdat) VALUES (56, 'parent29', 'hash', 'parent29@erp.com', 4, true, CURRENT_TIMESTAMP);
INSERT INTO users (id, username, passwordhash, email, roleid, isactive, createdat) VALUES (57, 'student0', 'hash', 'student0@erp.com', 3, true, CURRENT_TIMESTAMP);
INSERT INTO users (id, username, passwordhash, email, roleid, isactive, createdat) VALUES (58, 'student1', 'hash', 'student1@erp.com', 3, true, CURRENT_TIMESTAMP);
INSERT INTO users (id, username, passwordhash, email, roleid, isactive, createdat) VALUES (59, 'student2', 'hash', 'student2@erp.com', 3, true, CURRENT_TIMESTAMP);
INSERT INTO users (id, username, passwordhash, email, roleid, isactive, createdat) VALUES (60, 'student3', 'hash', 'student3@erp.com', 3, true, CURRENT_TIMESTAMP);
INSERT INTO users (id, username, passwordhash, email, roleid, isactive, createdat) VALUES (61, 'student4', 'hash', 'student4@erp.com', 3, true, CURRENT_TIMESTAMP);
INSERT INTO users (id, username, passwordhash, email, roleid, isactive, createdat) VALUES (62, 'student5', 'hash', 'student5@erp.com', 3, true, CURRENT_TIMESTAMP);
INSERT INTO users (id, username, passwordhash, email, roleid, isactive, createdat) VALUES (63, 'student6', 'hash', 'student6@erp.com', 3, true, CURRENT_TIMESTAMP);
INSERT INTO users (id, username, passwordhash, email, roleid, isactive, createdat) VALUES (64, 'student7', 'hash', 'student7@erp.com', 3, true, CURRENT_TIMESTAMP);
INSERT INTO users (id, username, passwordhash, email, roleid, isactive, createdat) VALUES (65, 'student8', 'hash', 'student8@erp.com', 3, true, CURRENT_TIMESTAMP);
INSERT INTO users (id, username, passwordhash, email, roleid, isactive, createdat) VALUES (66, 'student9', 'hash', 'student9@erp.com', 3, true, CURRENT_TIMESTAMP);
INSERT INTO users (id, username, passwordhash, email, roleid, isactive, createdat) VALUES (67, 'student10', 'hash', 'student10@erp.com', 3, true, CURRENT_TIMESTAMP);
INSERT INTO users (id, username, passwordhash, email, roleid, isactive, createdat) VALUES (68, 'student11', 'hash', 'student11@erp.com', 3, true, CURRENT_TIMESTAMP);
INSERT INTO users (id, username, passwordhash, email, roleid, isactive, createdat) VALUES (69, 'student12', 'hash', 'student12@erp.com', 3, true, CURRENT_TIMESTAMP);
INSERT INTO users (id, username, passwordhash, email, roleid, isactive, createdat) VALUES (70, 'student13', 'hash', 'student13@erp.com', 3, true, CURRENT_TIMESTAMP);
INSERT INTO users (id, username, passwordhash, email, roleid, isactive, createdat) VALUES (71, 'student14', 'hash', 'student14@erp.com', 3, true, CURRENT_TIMESTAMP);
INSERT INTO users (id, username, passwordhash, email, roleid, isactive, createdat) VALUES (72, 'student15', 'hash', 'student15@erp.com', 3, true, CURRENT_TIMESTAMP);
INSERT INTO users (id, username, passwordhash, email, roleid, isactive, createdat) VALUES (73, 'student16', 'hash', 'student16@erp.com', 3, true, CURRENT_TIMESTAMP);
INSERT INTO users (id, username, passwordhash, email, roleid, isactive, createdat) VALUES (74, 'student17', 'hash', 'student17@erp.com', 3, true, CURRENT_TIMESTAMP);
INSERT INTO users (id, username, passwordhash, email, roleid, isactive, createdat) VALUES (75, 'student18', 'hash', 'student18@erp.com', 3, true, CURRENT_TIMESTAMP);
INSERT INTO users (id, username, passwordhash, email, roleid, isactive, createdat) VALUES (76, 'student19', 'hash', 'student19@erp.com', 3, true, CURRENT_TIMESTAMP);
INSERT INTO users (id, username, passwordhash, email, roleid, isactive, createdat) VALUES (77, 'student20', 'hash', 'student20@erp.com', 3, true, CURRENT_TIMESTAMP);
INSERT INTO users (id, username, passwordhash, email, roleid, isactive, createdat) VALUES (78, 'student21', 'hash', 'student21@erp.com', 3, true, CURRENT_TIMESTAMP);
INSERT INTO users (id, username, passwordhash, email, roleid, isactive, createdat) VALUES (79, 'student22', 'hash', 'student22@erp.com', 3, true, CURRENT_TIMESTAMP);
INSERT INTO users (id, username, passwordhash, email, roleid, isactive, createdat) VALUES (80, 'student23', 'hash', 'student23@erp.com', 3, true, CURRENT_TIMESTAMP);
INSERT INTO users (id, username, passwordhash, email, roleid, isactive, createdat) VALUES (81, 'student24', 'hash', 'student24@erp.com', 3, true, CURRENT_TIMESTAMP);
INSERT INTO users (id, username, passwordhash, email, roleid, isactive, createdat) VALUES (82, 'student25', 'hash', 'student25@erp.com', 3, true, CURRENT_TIMESTAMP);
INSERT INTO users (id, username, passwordhash, email, roleid, isactive, createdat) VALUES (83, 'student26', 'hash', 'student26@erp.com', 3, true, CURRENT_TIMESTAMP);
INSERT INTO users (id, username, passwordhash, email, roleid, isactive, createdat) VALUES (84, 'student27', 'hash', 'student27@erp.com', 3, true, CURRENT_TIMESTAMP);
INSERT INTO users (id, username, passwordhash, email, roleid, isactive, createdat) VALUES (85, 'student28', 'hash', 'student28@erp.com', 3, true, CURRENT_TIMESTAMP);
INSERT INTO users (id, username, passwordhash, email, roleid, isactive, createdat) VALUES (86, 'student29', 'hash', 'student29@erp.com', 3, true, CURRENT_TIMESTAMP);
INSERT INTO users (id, username, passwordhash, email, roleid, isactive, createdat) VALUES (87, 'student30', 'hash', 'student30@erp.com', 3, true, CURRENT_TIMESTAMP);
INSERT INTO users (id, username, passwordhash, email, roleid, isactive, createdat) VALUES (88, 'student31', 'hash', 'student31@erp.com', 3, true, CURRENT_TIMESTAMP);
INSERT INTO users (id, username, passwordhash, email, roleid, isactive, createdat) VALUES (89, 'student32', 'hash', 'student32@erp.com', 3, true, CURRENT_TIMESTAMP);
INSERT INTO users (id, username, passwordhash, email, roleid, isactive, createdat) VALUES (90, 'student33', 'hash', 'student33@erp.com', 3, true, CURRENT_TIMESTAMP);
INSERT INTO users (id, username, passwordhash, email, roleid, isactive, createdat) VALUES (91, 'student34', 'hash', 'student34@erp.com', 3, true, CURRENT_TIMESTAMP);
INSERT INTO users (id, username, passwordhash, email, roleid, isactive, createdat) VALUES (92, 'student35', 'hash', 'student35@erp.com', 3, true, CURRENT_TIMESTAMP);
INSERT INTO users (id, username, passwordhash, email, roleid, isactive, createdat) VALUES (93, 'student36', 'hash', 'student36@erp.com', 3, true, CURRENT_TIMESTAMP);
INSERT INTO users (id, username, passwordhash, email, roleid, isactive, createdat) VALUES (94, 'student37', 'hash', 'student37@erp.com', 3, true, CURRENT_TIMESTAMP);
INSERT INTO users (id, username, passwordhash, email, roleid, isactive, createdat) VALUES (95, 'student38', 'hash', 'student38@erp.com', 3, true, CURRENT_TIMESTAMP);
INSERT INTO users (id, username, passwordhash, email, roleid, isactive, createdat) VALUES (96, 'student39', 'hash', 'student39@erp.com', 3, true, CURRENT_TIMESTAMP);
INSERT INTO users (id, username, passwordhash, email, roleid, isactive, createdat) VALUES (97, 'student40', 'hash', 'student40@erp.com', 3, true, CURRENT_TIMESTAMP);
INSERT INTO users (id, username, passwordhash, email, roleid, isactive, createdat) VALUES (98, 'student41', 'hash', 'student41@erp.com', 3, true, CURRENT_TIMESTAMP);
INSERT INTO users (id, username, passwordhash, email, roleid, isactive, createdat) VALUES (99, 'student42', 'hash', 'student42@erp.com', 3, true, CURRENT_TIMESTAMP);
INSERT INTO users (id, username, passwordhash, email, roleid, isactive, createdat) VALUES (100, 'student43', 'hash', 'student43@erp.com', 3, true, CURRENT_TIMESTAMP);
INSERT INTO users (id, username, passwordhash, email, roleid, isactive, createdat) VALUES (101, 'student44', 'hash', 'student44@erp.com', 3, true, CURRENT_TIMESTAMP);
INSERT INTO users (id, username, passwordhash, email, roleid, isactive, createdat) VALUES (102, 'student45', 'hash', 'student45@erp.com', 3, true, CURRENT_TIMESTAMP);
INSERT INTO users (id, username, passwordhash, email, roleid, isactive, createdat) VALUES (103, 'student46', 'hash', 'student46@erp.com', 3, true, CURRENT_TIMESTAMP);
INSERT INTO users (id, username, passwordhash, email, roleid, isactive, createdat) VALUES (104, 'student47', 'hash', 'student47@erp.com', 3, true, CURRENT_TIMESTAMP);
INSERT INTO users (id, username, passwordhash, email, roleid, isactive, createdat) VALUES (105, 'student48', 'hash', 'student48@erp.com', 3, true, CURRENT_TIMESTAMP);
INSERT INTO users (id, username, passwordhash, email, roleid, isactive, createdat) VALUES (106, 'student49', 'hash', 'student49@erp.com', 3, true, CURRENT_TIMESTAMP);
INSERT INTO users (id, username, passwordhash, email, roleid, isactive, createdat) VALUES (107, 'staff0', 'hash', 'staff0@erp.com', 5, true, CURRENT_TIMESTAMP);
INSERT INTO users (id, username, passwordhash, email, roleid, isactive, createdat) VALUES (108, 'staff1', 'hash', 'staff1@erp.com', 5, true, CURRENT_TIMESTAMP);
INSERT INTO users (id, username, passwordhash, email, roleid, isactive, createdat) VALUES (109, 'staff2', 'hash', 'staff2@erp.com', 5, true, CURRENT_TIMESTAMP);
INSERT INTO users (id, username, passwordhash, email, roleid, isactive, createdat) VALUES (110, 'staff3', 'hash', 'staff3@erp.com', 5, true, CURRENT_TIMESTAMP);
INSERT INTO users (id, username, passwordhash, email, roleid, isactive, createdat) VALUES (111, 'staff4', 'hash', 'staff4@erp.com', 5, true, CURRENT_TIMESTAMP);
INSERT INTO users (id, username, passwordhash, email, roleid, isactive, createdat) VALUES (112, 'staff5', 'hash', 'staff5@erp.com', 5, true, CURRENT_TIMESTAMP);
INSERT INTO users (id, username, passwordhash, email, roleid, isactive, createdat) VALUES (113, 'staff6', 'hash', 'staff6@erp.com', 5, true, CURRENT_TIMESTAMP);
INSERT INTO users (id, username, passwordhash, email, roleid, isactive, createdat) VALUES (114, 'staff7', 'hash', 'staff7@erp.com', 5, true, CURRENT_TIMESTAMP);
INSERT INTO users (id, username, passwordhash, email, roleid, isactive, createdat) VALUES (115, 'staff8', 'hash', 'staff8@erp.com', 5, true, CURRENT_TIMESTAMP);
INSERT INTO users (id, username, passwordhash, email, roleid, isactive, createdat) VALUES (116, 'staff9', 'hash', 'staff9@erp.com', 5, true, CURRENT_TIMESTAMP);
INSERT INTO users (id, username, passwordhash, email, roleid, isactive, createdat) VALUES (117, 'staff10', 'hash', 'staff10@erp.com', 5, true, CURRENT_TIMESTAMP);
INSERT INTO users (id, username, passwordhash, email, roleid, isactive, createdat) VALUES (118, 'staff11', 'hash', 'staff11@erp.com', 5, true, CURRENT_TIMESTAMP);
INSERT INTO users (id, username, passwordhash, email, roleid, isactive, createdat) VALUES (119, 'staff12', 'hash', 'staff12@erp.com', 5, true, CURRENT_TIMESTAMP);
INSERT INTO users (id, username, passwordhash, email, roleid, isactive, createdat) VALUES (120, 'staff13', 'hash', 'staff13@erp.com', 5, true, CURRENT_TIMESTAMP);
INSERT INTO users (id, username, passwordhash, email, roleid, isactive, createdat) VALUES (121, 'staff14', 'hash', 'staff14@erp.com', 5, true, CURRENT_TIMESTAMP);
INSERT INTO users (id, username, passwordhash, email, roleid, isactive, createdat) VALUES (122, 'staff15', 'hash', 'staff15@erp.com', 5, true, CURRENT_TIMESTAMP);
INSERT INTO users (id, username, passwordhash, email, roleid, isactive, createdat) VALUES (123, 'staff16', 'hash', 'staff16@erp.com', 5, true, CURRENT_TIMESTAMP);
INSERT INTO users (id, username, passwordhash, email, roleid, isactive, createdat) VALUES (124, 'staff17', 'hash', 'staff17@erp.com', 5, true, CURRENT_TIMESTAMP);
INSERT INTO users (id, username, passwordhash, email, roleid, isactive, createdat) VALUES (125, 'staff18', 'hash', 'staff18@erp.com', 5, true, CURRENT_TIMESTAMP);
INSERT INTO users (id, username, passwordhash, email, roleid, isactive, createdat) VALUES (126, 'staff19', 'hash', 'staff19@erp.com', 5, true, CURRENT_TIMESTAMP);

-- Academic Years
INSERT INTO academicyears (id, yearname, startdate, enddate, iscurrent) VALUES (1, '2025-2026', '2025-06-01', '2026-05-31', true);
INSERT INTO academicyears (id, yearname, startdate, enddate, iscurrent) VALUES (2, '2024-2025', '2024-06-01', '2025-05-31', false);

-- Staff Types
INSERT INTO stafftypes (id, typename) VALUES (1, 'Janitor');
INSERT INTO stafftypes (id, typename) VALUES (2, 'Bus Driver');
INSERT INTO stafftypes (id, typename) VALUES (3, 'Clerk');

-- Parents
INSERT INTO parents (id, userid, name, relation, phonenumber) VALUES (1, 27, 'Parent Name 1', 'Father', '1234567890');
INSERT INTO parents (id, userid, name, relation, phonenumber) VALUES (2, 28, 'Parent Name 2', 'Father', '1234567890');
INSERT INTO parents (id, userid, name, relation, phonenumber) VALUES (3, 29, 'Parent Name 3', 'Father', '1234567890');
INSERT INTO parents (id, userid, name, relation, phonenumber) VALUES (4, 30, 'Parent Name 4', 'Father', '1234567890');
INSERT INTO parents (id, userid, name, relation, phonenumber) VALUES (5, 31, 'Parent Name 5', 'Father', '1234567890');
INSERT INTO parents (id, userid, name, relation, phonenumber) VALUES (6, 32, 'Parent Name 6', 'Father', '1234567890');
INSERT INTO parents (id, userid, name, relation, phonenumber) VALUES (7, 33, 'Parent Name 7', 'Father', '1234567890');
INSERT INTO parents (id, userid, name, relation, phonenumber) VALUES (8, 34, 'Parent Name 8', 'Father', '1234567890');
INSERT INTO parents (id, userid, name, relation, phonenumber) VALUES (9, 35, 'Parent Name 9', 'Father', '1234567890');
INSERT INTO parents (id, userid, name, relation, phonenumber) VALUES (10, 36, 'Parent Name 10', 'Father', '1234567890');
INSERT INTO parents (id, userid, name, relation, phonenumber) VALUES (11, 37, 'Parent Name 11', 'Father', '1234567890');
INSERT INTO parents (id, userid, name, relation, phonenumber) VALUES (12, 38, 'Parent Name 12', 'Father', '1234567890');
INSERT INTO parents (id, userid, name, relation, phonenumber) VALUES (13, 39, 'Parent Name 13', 'Father', '1234567890');
INSERT INTO parents (id, userid, name, relation, phonenumber) VALUES (14, 40, 'Parent Name 14', 'Father', '1234567890');
INSERT INTO parents (id, userid, name, relation, phonenumber) VALUES (15, 41, 'Parent Name 15', 'Father', '1234567890');
INSERT INTO parents (id, userid, name, relation, phonenumber) VALUES (16, 42, 'Parent Name 16', 'Father', '1234567890');
INSERT INTO parents (id, userid, name, relation, phonenumber) VALUES (17, 43, 'Parent Name 17', 'Father', '1234567890');
INSERT INTO parents (id, userid, name, relation, phonenumber) VALUES (18, 44, 'Parent Name 18', 'Father', '1234567890');
INSERT INTO parents (id, userid, name, relation, phonenumber) VALUES (19, 45, 'Parent Name 19', 'Father', '1234567890');
INSERT INTO parents (id, userid, name, relation, phonenumber) VALUES (20, 46, 'Parent Name 20', 'Father', '1234567890');
INSERT INTO parents (id, userid, name, relation, phonenumber) VALUES (21, 47, 'Parent Name 21', 'Father', '1234567890');
INSERT INTO parents (id, userid, name, relation, phonenumber) VALUES (22, 48, 'Parent Name 22', 'Father', '1234567890');
INSERT INTO parents (id, userid, name, relation, phonenumber) VALUES (23, 49, 'Parent Name 23', 'Father', '1234567890');
INSERT INTO parents (id, userid, name, relation, phonenumber) VALUES (24, 50, 'Parent Name 24', 'Father', '1234567890');
INSERT INTO parents (id, userid, name, relation, phonenumber) VALUES (25, 51, 'Parent Name 25', 'Father', '1234567890');
INSERT INTO parents (id, userid, name, relation, phonenumber) VALUES (26, 52, 'Parent Name 26', 'Father', '1234567890');
INSERT INTO parents (id, userid, name, relation, phonenumber) VALUES (27, 53, 'Parent Name 27', 'Father', '1234567890');
INSERT INTO parents (id, userid, name, relation, phonenumber) VALUES (28, 54, 'Parent Name 28', 'Father', '1234567890');
INSERT INTO parents (id, userid, name, relation, phonenumber) VALUES (29, 55, 'Parent Name 29', 'Father', '1234567890');
INSERT INTO parents (id, userid, name, relation, phonenumber) VALUES (30, 56, 'Parent Name 30', 'Father', '1234567890');

-- Teachers
INSERT INTO teachers (id, userid, name, phonenumber, joiningdate, qualifications) VALUES (1, 2, 'Teacher 1', '0987654321', '2020-01-01', 'M.Sc., B.Ed.');
INSERT INTO teachers (id, userid, name, phonenumber, joiningdate, qualifications) VALUES (2, 3, 'Teacher 2', '0987654321', '2020-01-01', 'M.Sc., B.Ed.');
INSERT INTO teachers (id, userid, name, phonenumber, joiningdate, qualifications) VALUES (3, 4, 'Teacher 3', '0987654321', '2020-01-01', 'M.Sc., B.Ed.');
INSERT INTO teachers (id, userid, name, phonenumber, joiningdate, qualifications) VALUES (4, 5, 'Teacher 4', '0987654321', '2020-01-01', 'M.Sc., B.Ed.');
INSERT INTO teachers (id, userid, name, phonenumber, joiningdate, qualifications) VALUES (5, 6, 'Teacher 5', '0987654321', '2020-01-01', 'M.Sc., B.Ed.');
INSERT INTO teachers (id, userid, name, phonenumber, joiningdate, qualifications) VALUES (6, 7, 'Teacher 6', '0987654321', '2020-01-01', 'M.Sc., B.Ed.');
INSERT INTO teachers (id, userid, name, phonenumber, joiningdate, qualifications) VALUES (7, 8, 'Teacher 7', '0987654321', '2020-01-01', 'M.Sc., B.Ed.');
INSERT INTO teachers (id, userid, name, phonenumber, joiningdate, qualifications) VALUES (8, 9, 'Teacher 8', '0987654321', '2020-01-01', 'M.Sc., B.Ed.');
INSERT INTO teachers (id, userid, name, phonenumber, joiningdate, qualifications) VALUES (9, 10, 'Teacher 9', '0987654321', '2020-01-01', 'M.Sc., B.Ed.');
INSERT INTO teachers (id, userid, name, phonenumber, joiningdate, qualifications) VALUES (10, 11, 'Teacher 10', '0987654321', '2020-01-01', 'M.Sc., B.Ed.');
INSERT INTO teachers (id, userid, name, phonenumber, joiningdate, qualifications) VALUES (11, 12, 'Teacher 11', '0987654321', '2020-01-01', 'M.Sc., B.Ed.');
INSERT INTO teachers (id, userid, name, phonenumber, joiningdate, qualifications) VALUES (12, 13, 'Teacher 12', '0987654321', '2020-01-01', 'M.Sc., B.Ed.');
INSERT INTO teachers (id, userid, name, phonenumber, joiningdate, qualifications) VALUES (13, 14, 'Teacher 13', '0987654321', '2020-01-01', 'M.Sc., B.Ed.');
INSERT INTO teachers (id, userid, name, phonenumber, joiningdate, qualifications) VALUES (14, 15, 'Teacher 14', '0987654321', '2020-01-01', 'M.Sc., B.Ed.');
INSERT INTO teachers (id, userid, name, phonenumber, joiningdate, qualifications) VALUES (15, 16, 'Teacher 15', '0987654321', '2020-01-01', 'M.Sc., B.Ed.');
INSERT INTO teachers (id, userid, name, phonenumber, joiningdate, qualifications) VALUES (16, 17, 'Teacher 16', '0987654321', '2020-01-01', 'M.Sc., B.Ed.');
INSERT INTO teachers (id, userid, name, phonenumber, joiningdate, qualifications) VALUES (17, 18, 'Teacher 17', '0987654321', '2020-01-01', 'M.Sc., B.Ed.');
INSERT INTO teachers (id, userid, name, phonenumber, joiningdate, qualifications) VALUES (18, 19, 'Teacher 18', '0987654321', '2020-01-01', 'M.Sc., B.Ed.');
INSERT INTO teachers (id, userid, name, phonenumber, joiningdate, qualifications) VALUES (19, 20, 'Teacher 19', '0987654321', '2020-01-01', 'M.Sc., B.Ed.');
INSERT INTO teachers (id, userid, name, phonenumber, joiningdate, qualifications) VALUES (20, 21, 'Teacher 20', '0987654321', '2020-01-01', 'M.Sc., B.Ed.');
INSERT INTO teachers (id, userid, name, phonenumber, joiningdate, qualifications) VALUES (21, 22, 'Teacher 21', '0987654321', '2020-01-01', 'M.Sc., B.Ed.');
INSERT INTO teachers (id, userid, name, phonenumber, joiningdate, qualifications) VALUES (22, 23, 'Teacher 22', '0987654321', '2020-01-01', 'M.Sc., B.Ed.');
INSERT INTO teachers (id, userid, name, phonenumber, joiningdate, qualifications) VALUES (23, 24, 'Teacher 23', '0987654321', '2020-01-01', 'M.Sc., B.Ed.');
INSERT INTO teachers (id, userid, name, phonenumber, joiningdate, qualifications) VALUES (24, 25, 'Teacher 24', '0987654321', '2020-01-01', 'M.Sc., B.Ed.');
INSERT INTO teachers (id, userid, name, phonenumber, joiningdate, qualifications) VALUES (25, 26, 'Teacher 25', '0987654321', '2020-01-01', 'M.Sc., B.Ed.');

-- Staff
INSERT INTO staff (id, userid, name, phonenumber, stafftypeid, joiningdate) VALUES (1, 107, 'Staff 1', '1112223333', 3, '2021-01-01');
INSERT INTO staff (id, userid, name, phonenumber, stafftypeid, joiningdate) VALUES (2, 108, 'Staff 2', '1112223333', 1, '2021-01-01');
INSERT INTO staff (id, userid, name, phonenumber, stafftypeid, joiningdate) VALUES (3, 109, 'Staff 3', '1112223333', 3, '2021-01-01');
INSERT INTO staff (id, userid, name, phonenumber, stafftypeid, joiningdate) VALUES (4, 110, 'Staff 4', '1112223333', 2, '2021-01-01');
INSERT INTO staff (id, userid, name, phonenumber, stafftypeid, joiningdate) VALUES (5, 111, 'Staff 5', '1112223333', 2, '2021-01-01');
INSERT INTO staff (id, userid, name, phonenumber, stafftypeid, joiningdate) VALUES (6, 112, 'Staff 6', '1112223333', 3, '2021-01-01');
INSERT INTO staff (id, userid, name, phonenumber, stafftypeid, joiningdate) VALUES (7, 113, 'Staff 7', '1112223333', 3, '2021-01-01');
INSERT INTO staff (id, userid, name, phonenumber, stafftypeid, joiningdate) VALUES (8, 114, 'Staff 8', '1112223333', 2, '2021-01-01');
INSERT INTO staff (id, userid, name, phonenumber, stafftypeid, joiningdate) VALUES (9, 115, 'Staff 9', '1112223333', 2, '2021-01-01');
INSERT INTO staff (id, userid, name, phonenumber, stafftypeid, joiningdate) VALUES (10, 116, 'Staff 10', '1112223333', 2, '2021-01-01');
INSERT INTO staff (id, userid, name, phonenumber, stafftypeid, joiningdate) VALUES (11, 117, 'Staff 11', '1112223333', 2, '2021-01-01');
INSERT INTO staff (id, userid, name, phonenumber, stafftypeid, joiningdate) VALUES (12, 118, 'Staff 12', '1112223333', 2, '2021-01-01');
INSERT INTO staff (id, userid, name, phonenumber, stafftypeid, joiningdate) VALUES (13, 119, 'Staff 13', '1112223333', 2, '2021-01-01');
INSERT INTO staff (id, userid, name, phonenumber, stafftypeid, joiningdate) VALUES (14, 120, 'Staff 14', '1112223333', 3, '2021-01-01');
INSERT INTO staff (id, userid, name, phonenumber, stafftypeid, joiningdate) VALUES (15, 121, 'Staff 15', '1112223333', 1, '2021-01-01');
INSERT INTO staff (id, userid, name, phonenumber, stafftypeid, joiningdate) VALUES (16, 122, 'Staff 16', '1112223333', 2, '2021-01-01');
INSERT INTO staff (id, userid, name, phonenumber, stafftypeid, joiningdate) VALUES (17, 123, 'Staff 17', '1112223333', 1, '2021-01-01');
INSERT INTO staff (id, userid, name, phonenumber, stafftypeid, joiningdate) VALUES (18, 124, 'Staff 18', '1112223333', 1, '2021-01-01');
INSERT INTO staff (id, userid, name, phonenumber, stafftypeid, joiningdate) VALUES (19, 125, 'Staff 19', '1112223333', 2, '2021-01-01');
INSERT INTO staff (id, userid, name, phonenumber, stafftypeid, joiningdate) VALUES (20, 126, 'Staff 20', '1112223333', 1, '2021-01-01');

-- Students
INSERT INTO students (id, userid, regno, name, parentid, dateofbirth, gender, bloodgroup, admissiondate) VALUES (1, 57, 'REG0001', 'Student 1', 22, '2010-05-05', 'Male', 'O+', '2022-06-01');
INSERT INTO students (id, userid, regno, name, parentid, dateofbirth, gender, bloodgroup, admissiondate) VALUES (2, 58, 'REG0002', 'Student 2', 13, '2010-05-05', 'Male', 'O+', '2022-06-01');
INSERT INTO students (id, userid, regno, name, parentid, dateofbirth, gender, bloodgroup, admissiondate) VALUES (3, 59, 'REG0003', 'Student 3', 6, '2010-05-05', 'Male', 'O+', '2022-06-01');
INSERT INTO students (id, userid, regno, name, parentid, dateofbirth, gender, bloodgroup, admissiondate) VALUES (4, 60, 'REG0004', 'Student 4', 5, '2010-05-05', 'Male', 'O+', '2022-06-01');
INSERT INTO students (id, userid, regno, name, parentid, dateofbirth, gender, bloodgroup, admissiondate) VALUES (5, 61, 'REG0005', 'Student 5', 15, '2010-05-05', 'Male', 'O+', '2022-06-01');
INSERT INTO students (id, userid, regno, name, parentid, dateofbirth, gender, bloodgroup, admissiondate) VALUES (6, 62, 'REG0006', 'Student 6', 12, '2010-05-05', 'Male', 'O+', '2022-06-01');
INSERT INTO students (id, userid, regno, name, parentid, dateofbirth, gender, bloodgroup, admissiondate) VALUES (7, 63, 'REG0007', 'Student 7', 4, '2010-05-05', 'Male', 'O+', '2022-06-01');
INSERT INTO students (id, userid, regno, name, parentid, dateofbirth, gender, bloodgroup, admissiondate) VALUES (8, 64, 'REG0008', 'Student 8', 22, '2010-05-05', 'Male', 'O+', '2022-06-01');
INSERT INTO students (id, userid, regno, name, parentid, dateofbirth, gender, bloodgroup, admissiondate) VALUES (9, 65, 'REG0009', 'Student 9', 6, '2010-05-05', 'Male', 'O+', '2022-06-01');
INSERT INTO students (id, userid, regno, name, parentid, dateofbirth, gender, bloodgroup, admissiondate) VALUES (10, 66, 'REG0010', 'Student 10', 10, '2010-05-05', 'Male', 'O+', '2022-06-01');
INSERT INTO students (id, userid, regno, name, parentid, dateofbirth, gender, bloodgroup, admissiondate) VALUES (11, 67, 'REG0011', 'Student 11', 26, '2010-05-05', 'Male', 'O+', '2022-06-01');
INSERT INTO students (id, userid, regno, name, parentid, dateofbirth, gender, bloodgroup, admissiondate) VALUES (12, 68, 'REG0012', 'Student 12', 30, '2010-05-05', 'Male', 'O+', '2022-06-01');
INSERT INTO students (id, userid, regno, name, parentid, dateofbirth, gender, bloodgroup, admissiondate) VALUES (13, 69, 'REG0013', 'Student 13', 17, '2010-05-05', 'Male', 'O+', '2022-06-01');
INSERT INTO students (id, userid, regno, name, parentid, dateofbirth, gender, bloodgroup, admissiondate) VALUES (14, 70, 'REG0014', 'Student 14', 16, '2010-05-05', 'Male', 'O+', '2022-06-01');
INSERT INTO students (id, userid, regno, name, parentid, dateofbirth, gender, bloodgroup, admissiondate) VALUES (15, 71, 'REG0015', 'Student 15', 16, '2010-05-05', 'Male', 'O+', '2022-06-01');
INSERT INTO students (id, userid, regno, name, parentid, dateofbirth, gender, bloodgroup, admissiondate) VALUES (16, 72, 'REG0016', 'Student 16', 25, '2010-05-05', 'Male', 'O+', '2022-06-01');
INSERT INTO students (id, userid, regno, name, parentid, dateofbirth, gender, bloodgroup, admissiondate) VALUES (17, 73, 'REG0017', 'Student 17', 24, '2010-05-05', 'Male', 'O+', '2022-06-01');
INSERT INTO students (id, userid, regno, name, parentid, dateofbirth, gender, bloodgroup, admissiondate) VALUES (18, 74, 'REG0018', 'Student 18', 4, '2010-05-05', 'Male', 'O+', '2022-06-01');
INSERT INTO students (id, userid, regno, name, parentid, dateofbirth, gender, bloodgroup, admissiondate) VALUES (19, 75, 'REG0019', 'Student 19', 18, '2010-05-05', 'Male', 'O+', '2022-06-01');
INSERT INTO students (id, userid, regno, name, parentid, dateofbirth, gender, bloodgroup, admissiondate) VALUES (20, 76, 'REG0020', 'Student 20', 22, '2010-05-05', 'Male', 'O+', '2022-06-01');
INSERT INTO students (id, userid, regno, name, parentid, dateofbirth, gender, bloodgroup, admissiondate) VALUES (21, 77, 'REG0021', 'Student 21', 24, '2010-05-05', 'Male', 'O+', '2022-06-01');
INSERT INTO students (id, userid, regno, name, parentid, dateofbirth, gender, bloodgroup, admissiondate) VALUES (22, 78, 'REG0022', 'Student 22', 12, '2010-05-05', 'Male', 'O+', '2022-06-01');
INSERT INTO students (id, userid, regno, name, parentid, dateofbirth, gender, bloodgroup, admissiondate) VALUES (23, 79, 'REG0023', 'Student 23', 10, '2010-05-05', 'Male', 'O+', '2022-06-01');
INSERT INTO students (id, userid, regno, name, parentid, dateofbirth, gender, bloodgroup, admissiondate) VALUES (24, 80, 'REG0024', 'Student 24', 19, '2010-05-05', 'Male', 'O+', '2022-06-01');
INSERT INTO students (id, userid, regno, name, parentid, dateofbirth, gender, bloodgroup, admissiondate) VALUES (25, 81, 'REG0025', 'Student 25', 7, '2010-05-05', 'Male', 'O+', '2022-06-01');
INSERT INTO students (id, userid, regno, name, parentid, dateofbirth, gender, bloodgroup, admissiondate) VALUES (26, 82, 'REG0026', 'Student 26', 20, '2010-05-05', 'Male', 'O+', '2022-06-01');
INSERT INTO students (id, userid, regno, name, parentid, dateofbirth, gender, bloodgroup, admissiondate) VALUES (27, 83, 'REG0027', 'Student 27', 17, '2010-05-05', 'Male', 'O+', '2022-06-01');
INSERT INTO students (id, userid, regno, name, parentid, dateofbirth, gender, bloodgroup, admissiondate) VALUES (28, 84, 'REG0028', 'Student 28', 10, '2010-05-05', 'Male', 'O+', '2022-06-01');
INSERT INTO students (id, userid, regno, name, parentid, dateofbirth, gender, bloodgroup, admissiondate) VALUES (29, 85, 'REG0029', 'Student 29', 17, '2010-05-05', 'Male', 'O+', '2022-06-01');
INSERT INTO students (id, userid, regno, name, parentid, dateofbirth, gender, bloodgroup, admissiondate) VALUES (30, 86, 'REG0030', 'Student 30', 26, '2010-05-05', 'Male', 'O+', '2022-06-01');
INSERT INTO students (id, userid, regno, name, parentid, dateofbirth, gender, bloodgroup, admissiondate) VALUES (31, 87, 'REG0031', 'Student 31', 2, '2010-05-05', 'Male', 'O+', '2022-06-01');
INSERT INTO students (id, userid, regno, name, parentid, dateofbirth, gender, bloodgroup, admissiondate) VALUES (32, 88, 'REG0032', 'Student 32', 25, '2010-05-05', 'Male', 'O+', '2022-06-01');
INSERT INTO students (id, userid, regno, name, parentid, dateofbirth, gender, bloodgroup, admissiondate) VALUES (33, 89, 'REG0033', 'Student 33', 15, '2010-05-05', 'Male', 'O+', '2022-06-01');
INSERT INTO students (id, userid, regno, name, parentid, dateofbirth, gender, bloodgroup, admissiondate) VALUES (34, 90, 'REG0034', 'Student 34', 24, '2010-05-05', 'Male', 'O+', '2022-06-01');
INSERT INTO students (id, userid, regno, name, parentid, dateofbirth, gender, bloodgroup, admissiondate) VALUES (35, 91, 'REG0035', 'Student 35', 13, '2010-05-05', 'Male', 'O+', '2022-06-01');
INSERT INTO students (id, userid, regno, name, parentid, dateofbirth, gender, bloodgroup, admissiondate) VALUES (36, 92, 'REG0036', 'Student 36', 5, '2010-05-05', 'Male', 'O+', '2022-06-01');
INSERT INTO students (id, userid, regno, name, parentid, dateofbirth, gender, bloodgroup, admissiondate) VALUES (37, 93, 'REG0037', 'Student 37', 28, '2010-05-05', 'Male', 'O+', '2022-06-01');
INSERT INTO students (id, userid, regno, name, parentid, dateofbirth, gender, bloodgroup, admissiondate) VALUES (38, 94, 'REG0038', 'Student 38', 25, '2010-05-05', 'Male', 'O+', '2022-06-01');
INSERT INTO students (id, userid, regno, name, parentid, dateofbirth, gender, bloodgroup, admissiondate) VALUES (39, 95, 'REG0039', 'Student 39', 18, '2010-05-05', 'Male', 'O+', '2022-06-01');
INSERT INTO students (id, userid, regno, name, parentid, dateofbirth, gender, bloodgroup, admissiondate) VALUES (40, 96, 'REG0040', 'Student 40', 1, '2010-05-05', 'Male', 'O+', '2022-06-01');
INSERT INTO students (id, userid, regno, name, parentid, dateofbirth, gender, bloodgroup, admissiondate) VALUES (41, 97, 'REG0041', 'Student 41', 21, '2010-05-05', 'Male', 'O+', '2022-06-01');
INSERT INTO students (id, userid, regno, name, parentid, dateofbirth, gender, bloodgroup, admissiondate) VALUES (42, 98, 'REG0042', 'Student 42', 30, '2010-05-05', 'Male', 'O+', '2022-06-01');
INSERT INTO students (id, userid, regno, name, parentid, dateofbirth, gender, bloodgroup, admissiondate) VALUES (43, 99, 'REG0043', 'Student 43', 4, '2010-05-05', 'Male', 'O+', '2022-06-01');
INSERT INTO students (id, userid, regno, name, parentid, dateofbirth, gender, bloodgroup, admissiondate) VALUES (44, 100, 'REG0044', 'Student 44', 17, '2010-05-05', 'Male', 'O+', '2022-06-01');
INSERT INTO students (id, userid, regno, name, parentid, dateofbirth, gender, bloodgroup, admissiondate) VALUES (45, 101, 'REG0045', 'Student 45', 11, '2010-05-05', 'Male', 'O+', '2022-06-01');
INSERT INTO students (id, userid, regno, name, parentid, dateofbirth, gender, bloodgroup, admissiondate) VALUES (46, 102, 'REG0046', 'Student 46', 23, '2010-05-05', 'Male', 'O+', '2022-06-01');
INSERT INTO students (id, userid, regno, name, parentid, dateofbirth, gender, bloodgroup, admissiondate) VALUES (47, 103, 'REG0047', 'Student 47', 25, '2010-05-05', 'Male', 'O+', '2022-06-01');
INSERT INTO students (id, userid, regno, name, parentid, dateofbirth, gender, bloodgroup, admissiondate) VALUES (48, 104, 'REG0048', 'Student 48', 10, '2010-05-05', 'Male', 'O+', '2022-06-01');
INSERT INTO students (id, userid, regno, name, parentid, dateofbirth, gender, bloodgroup, admissiondate) VALUES (49, 105, 'REG0049', 'Student 49', 29, '2010-05-05', 'Male', 'O+', '2022-06-01');
INSERT INTO students (id, userid, regno, name, parentid, dateofbirth, gender, bloodgroup, admissiondate) VALUES (50, 106, 'REG0050', 'Student 50', 4, '2010-05-05', 'Male', 'O+', '2022-06-01');

-- Classes
INSERT INTO classes (id, classname, section, classteacherid) VALUES (1, 'Class 2', 'B', 4);
INSERT INTO classes (id, classname, section, classteacherid) VALUES (2, 'Class 3', 'C', 24);
INSERT INTO classes (id, classname, section, classteacherid) VALUES (3, 'Class 4', 'A', 4);
INSERT INTO classes (id, classname, section, classteacherid) VALUES (4, 'Class 5', 'B', 3);
INSERT INTO classes (id, classname, section, classteacherid) VALUES (5, 'Class 6', 'C', 9);
INSERT INTO classes (id, classname, section, classteacherid) VALUES (6, 'Class 7', 'A', 23);
INSERT INTO classes (id, classname, section, classteacherid) VALUES (7, 'Class 8', 'B', 21);
INSERT INTO classes (id, classname, section, classteacherid) VALUES (8, 'Class 9', 'C', 20);
INSERT INTO classes (id, classname, section, classteacherid) VALUES (9, 'Class 10', 'A', 24);
INSERT INTO classes (id, classname, section, classteacherid) VALUES (10, 'Class 1', 'B', 10);
INSERT INTO classes (id, classname, section, classteacherid) VALUES (11, 'Class 2', 'C', 7);
INSERT INTO classes (id, classname, section, classteacherid) VALUES (12, 'Class 3', 'A', 10);
INSERT INTO classes (id, classname, section, classteacherid) VALUES (13, 'Class 4', 'B', 18);
INSERT INTO classes (id, classname, section, classteacherid) VALUES (14, 'Class 5', 'C', 13);
INSERT INTO classes (id, classname, section, classteacherid) VALUES (15, 'Class 6', 'A', 3);
INSERT INTO classes (id, classname, section, classteacherid) VALUES (16, 'Class 7', 'B', 22);
INSERT INTO classes (id, classname, section, classteacherid) VALUES (17, 'Class 8', 'C', 14);
INSERT INTO classes (id, classname, section, classteacherid) VALUES (18, 'Class 9', 'A', 20);
INSERT INTO classes (id, classname, section, classteacherid) VALUES (19, 'Class 10', 'B', 3);
INSERT INTO classes (id, classname, section, classteacherid) VALUES (20, 'Class 1', 'C', 13);

-- Subjects
INSERT INTO subjects (id, subjectname) VALUES (1, 'Mathematics');
INSERT INTO subjects (id, subjectname) VALUES (2, 'Science');
INSERT INTO subjects (id, subjectname) VALUES (3, 'English');
INSERT INTO subjects (id, subjectname) VALUES (4, 'History');
INSERT INTO subjects (id, subjectname) VALUES (5, 'Geography');
INSERT INTO subjects (id, subjectname) VALUES (6, 'Physics');
INSERT INTO subjects (id, subjectname) VALUES (7, 'Chemistry');
INSERT INTO subjects (id, subjectname) VALUES (8, 'Biology');
INSERT INTO subjects (id, subjectname) VALUES (9, 'Computer Science');
INSERT INTO subjects (id, subjectname) VALUES (10, 'Art');

-- Student Enrollments
INSERT INTO studentenrollments (id, studentid, classid, academicyearid, rollnumber) VALUES (1, 1, 3, 1, 1);
INSERT INTO studentenrollments (id, studentid, classid, academicyearid, rollnumber) VALUES (2, 2, 19, 1, 2);
INSERT INTO studentenrollments (id, studentid, classid, academicyearid, rollnumber) VALUES (3, 3, 11, 1, 3);
INSERT INTO studentenrollments (id, studentid, classid, academicyearid, rollnumber) VALUES (4, 4, 10, 1, 4);
INSERT INTO studentenrollments (id, studentid, classid, academicyearid, rollnumber) VALUES (5, 5, 3, 1, 5);
INSERT INTO studentenrollments (id, studentid, classid, academicyearid, rollnumber) VALUES (6, 6, 8, 1, 6);
INSERT INTO studentenrollments (id, studentid, classid, academicyearid, rollnumber) VALUES (7, 7, 5, 1, 7);
INSERT INTO studentenrollments (id, studentid, classid, academicyearid, rollnumber) VALUES (8, 8, 7, 1, 8);
INSERT INTO studentenrollments (id, studentid, classid, academicyearid, rollnumber) VALUES (9, 9, 7, 1, 9);
INSERT INTO studentenrollments (id, studentid, classid, academicyearid, rollnumber) VALUES (10, 10, 19, 1, 10);
INSERT INTO studentenrollments (id, studentid, classid, academicyearid, rollnumber) VALUES (11, 11, 12, 1, 11);
INSERT INTO studentenrollments (id, studentid, classid, academicyearid, rollnumber) VALUES (12, 12, 4, 1, 12);
INSERT INTO studentenrollments (id, studentid, classid, academicyearid, rollnumber) VALUES (13, 13, 5, 1, 13);
INSERT INTO studentenrollments (id, studentid, classid, academicyearid, rollnumber) VALUES (14, 14, 17, 1, 14);
INSERT INTO studentenrollments (id, studentid, classid, academicyearid, rollnumber) VALUES (15, 15, 12, 1, 15);
INSERT INTO studentenrollments (id, studentid, classid, academicyearid, rollnumber) VALUES (16, 16, 20, 1, 16);
INSERT INTO studentenrollments (id, studentid, classid, academicyearid, rollnumber) VALUES (17, 17, 7, 1, 17);
INSERT INTO studentenrollments (id, studentid, classid, academicyearid, rollnumber) VALUES (18, 18, 20, 1, 18);
INSERT INTO studentenrollments (id, studentid, classid, academicyearid, rollnumber) VALUES (19, 19, 7, 1, 19);
INSERT INTO studentenrollments (id, studentid, classid, academicyearid, rollnumber) VALUES (20, 20, 10, 1, 20);
INSERT INTO studentenrollments (id, studentid, classid, academicyearid, rollnumber) VALUES (21, 21, 10, 1, 21);
INSERT INTO studentenrollments (id, studentid, classid, academicyearid, rollnumber) VALUES (22, 22, 13, 1, 22);
INSERT INTO studentenrollments (id, studentid, classid, academicyearid, rollnumber) VALUES (23, 23, 7, 1, 23);
INSERT INTO studentenrollments (id, studentid, classid, academicyearid, rollnumber) VALUES (24, 24, 7, 1, 24);
INSERT INTO studentenrollments (id, studentid, classid, academicyearid, rollnumber) VALUES (25, 25, 17, 1, 25);
INSERT INTO studentenrollments (id, studentid, classid, academicyearid, rollnumber) VALUES (26, 26, 8, 1, 26);
INSERT INTO studentenrollments (id, studentid, classid, academicyearid, rollnumber) VALUES (27, 27, 17, 1, 27);
INSERT INTO studentenrollments (id, studentid, classid, academicyearid, rollnumber) VALUES (28, 28, 20, 1, 28);
INSERT INTO studentenrollments (id, studentid, classid, academicyearid, rollnumber) VALUES (29, 29, 5, 1, 29);
INSERT INTO studentenrollments (id, studentid, classid, academicyearid, rollnumber) VALUES (30, 30, 10, 1, 30);
INSERT INTO studentenrollments (id, studentid, classid, academicyearid, rollnumber) VALUES (31, 31, 7, 1, 31);
INSERT INTO studentenrollments (id, studentid, classid, academicyearid, rollnumber) VALUES (32, 32, 18, 1, 32);
INSERT INTO studentenrollments (id, studentid, classid, academicyearid, rollnumber) VALUES (33, 33, 19, 1, 33);
INSERT INTO studentenrollments (id, studentid, classid, academicyearid, rollnumber) VALUES (34, 34, 6, 1, 34);
INSERT INTO studentenrollments (id, studentid, classid, academicyearid, rollnumber) VALUES (35, 35, 7, 1, 35);
INSERT INTO studentenrollments (id, studentid, classid, academicyearid, rollnumber) VALUES (36, 36, 10, 1, 36);
INSERT INTO studentenrollments (id, studentid, classid, academicyearid, rollnumber) VALUES (37, 37, 12, 1, 37);
INSERT INTO studentenrollments (id, studentid, classid, academicyearid, rollnumber) VALUES (38, 38, 8, 1, 38);
INSERT INTO studentenrollments (id, studentid, classid, academicyearid, rollnumber) VALUES (39, 39, 16, 1, 39);
INSERT INTO studentenrollments (id, studentid, classid, academicyearid, rollnumber) VALUES (40, 40, 17, 1, 40);
INSERT INTO studentenrollments (id, studentid, classid, academicyearid, rollnumber) VALUES (41, 41, 16, 1, 41);
INSERT INTO studentenrollments (id, studentid, classid, academicyearid, rollnumber) VALUES (42, 42, 10, 1, 42);
INSERT INTO studentenrollments (id, studentid, classid, academicyearid, rollnumber) VALUES (43, 43, 20, 1, 43);
INSERT INTO studentenrollments (id, studentid, classid, academicyearid, rollnumber) VALUES (44, 44, 11, 1, 44);
INSERT INTO studentenrollments (id, studentid, classid, academicyearid, rollnumber) VALUES (45, 45, 7, 1, 45);
INSERT INTO studentenrollments (id, studentid, classid, academicyearid, rollnumber) VALUES (46, 46, 2, 1, 46);
INSERT INTO studentenrollments (id, studentid, classid, academicyearid, rollnumber) VALUES (47, 47, 19, 1, 47);
INSERT INTO studentenrollments (id, studentid, classid, academicyearid, rollnumber) VALUES (48, 48, 11, 1, 48);
INSERT INTO studentenrollments (id, studentid, classid, academicyearid, rollnumber) VALUES (49, 49, 16, 1, 49);
INSERT INTO studentenrollments (id, studentid, classid, academicyearid, rollnumber) VALUES (50, 50, 4, 1, 50);

-- Teacher Subjects
INSERT INTO teachersubjects (id, teacherid, subjectid, classid) VALUES (1, 1, 2, 19) ON CONFLICT DO NOTHING;
INSERT INTO teachersubjects (id, teacherid, subjectid, classid) VALUES (2, 1, 2, 6) ON CONFLICT DO NOTHING;
INSERT INTO teachersubjects (id, teacherid, subjectid, classid) VALUES (3, 2, 8, 5) ON CONFLICT DO NOTHING;
INSERT INTO teachersubjects (id, teacherid, subjectid, classid) VALUES (4, 2, 3, 11) ON CONFLICT DO NOTHING;
INSERT INTO teachersubjects (id, teacherid, subjectid, classid) VALUES (5, 3, 9, 11) ON CONFLICT DO NOTHING;
INSERT INTO teachersubjects (id, teacherid, subjectid, classid) VALUES (6, 3, 3, 16) ON CONFLICT DO NOTHING;
INSERT INTO teachersubjects (id, teacherid, subjectid, classid) VALUES (7, 4, 1, 18) ON CONFLICT DO NOTHING;
INSERT INTO teachersubjects (id, teacherid, subjectid, classid) VALUES (8, 4, 10, 14) ON CONFLICT DO NOTHING;
INSERT INTO teachersubjects (id, teacherid, subjectid, classid) VALUES (9, 5, 5, 13) ON CONFLICT DO NOTHING;
INSERT INTO teachersubjects (id, teacherid, subjectid, classid) VALUES (10, 5, 9, 3) ON CONFLICT DO NOTHING;
INSERT INTO teachersubjects (id, teacherid, subjectid, classid) VALUES (11, 6, 3, 15) ON CONFLICT DO NOTHING;
INSERT INTO teachersubjects (id, teacherid, subjectid, classid) VALUES (12, 6, 7, 7) ON CONFLICT DO NOTHING;
INSERT INTO teachersubjects (id, teacherid, subjectid, classid) VALUES (13, 7, 10, 4) ON CONFLICT DO NOTHING;
INSERT INTO teachersubjects (id, teacherid, subjectid, classid) VALUES (14, 7, 7, 16) ON CONFLICT DO NOTHING;
INSERT INTO teachersubjects (id, teacherid, subjectid, classid) VALUES (15, 8, 8, 6) ON CONFLICT DO NOTHING;
INSERT INTO teachersubjects (id, teacherid, subjectid, classid) VALUES (16, 8, 10, 18) ON CONFLICT DO NOTHING;
INSERT INTO teachersubjects (id, teacherid, subjectid, classid) VALUES (17, 9, 2, 6) ON CONFLICT DO NOTHING;
INSERT INTO teachersubjects (id, teacherid, subjectid, classid) VALUES (18, 9, 10, 2) ON CONFLICT DO NOTHING;
INSERT INTO teachersubjects (id, teacherid, subjectid, classid) VALUES (19, 10, 8, 20) ON CONFLICT DO NOTHING;
INSERT INTO teachersubjects (id, teacherid, subjectid, classid) VALUES (20, 10, 9, 8) ON CONFLICT DO NOTHING;
INSERT INTO teachersubjects (id, teacherid, subjectid, classid) VALUES (21, 11, 10, 16) ON CONFLICT DO NOTHING;
INSERT INTO teachersubjects (id, teacherid, subjectid, classid) VALUES (22, 11, 9, 10) ON CONFLICT DO NOTHING;
INSERT INTO teachersubjects (id, teacherid, subjectid, classid) VALUES (23, 12, 3, 15) ON CONFLICT DO NOTHING;
INSERT INTO teachersubjects (id, teacherid, subjectid, classid) VALUES (24, 12, 1, 5) ON CONFLICT DO NOTHING;
INSERT INTO teachersubjects (id, teacherid, subjectid, classid) VALUES (25, 13, 5, 4) ON CONFLICT DO NOTHING;
INSERT INTO teachersubjects (id, teacherid, subjectid, classid) VALUES (26, 13, 7, 11) ON CONFLICT DO NOTHING;
INSERT INTO teachersubjects (id, teacherid, subjectid, classid) VALUES (27, 14, 9, 8) ON CONFLICT DO NOTHING;
INSERT INTO teachersubjects (id, teacherid, subjectid, classid) VALUES (28, 14, 5, 8) ON CONFLICT DO NOTHING;
INSERT INTO teachersubjects (id, teacherid, subjectid, classid) VALUES (29, 15, 7, 20) ON CONFLICT DO NOTHING;
INSERT INTO teachersubjects (id, teacherid, subjectid, classid) VALUES (30, 15, 5, 20) ON CONFLICT DO NOTHING;
INSERT INTO teachersubjects (id, teacherid, subjectid, classid) VALUES (31, 16, 9, 2) ON CONFLICT DO NOTHING;
INSERT INTO teachersubjects (id, teacherid, subjectid, classid) VALUES (32, 16, 2, 11) ON CONFLICT DO NOTHING;
INSERT INTO teachersubjects (id, teacherid, subjectid, classid) VALUES (33, 17, 4, 18) ON CONFLICT DO NOTHING;
INSERT INTO teachersubjects (id, teacherid, subjectid, classid) VALUES (34, 17, 1, 14) ON CONFLICT DO NOTHING;
INSERT INTO teachersubjects (id, teacherid, subjectid, classid) VALUES (35, 18, 4, 9) ON CONFLICT DO NOTHING;
INSERT INTO teachersubjects (id, teacherid, subjectid, classid) VALUES (36, 18, 5, 18) ON CONFLICT DO NOTHING;
INSERT INTO teachersubjects (id, teacherid, subjectid, classid) VALUES (37, 19, 3, 14) ON CONFLICT DO NOTHING;
INSERT INTO teachersubjects (id, teacherid, subjectid, classid) VALUES (38, 19, 2, 1) ON CONFLICT DO NOTHING;
INSERT INTO teachersubjects (id, teacherid, subjectid, classid) VALUES (39, 20, 7, 7) ON CONFLICT DO NOTHING;
INSERT INTO teachersubjects (id, teacherid, subjectid, classid) VALUES (40, 20, 6, 1) ON CONFLICT DO NOTHING;
INSERT INTO teachersubjects (id, teacherid, subjectid, classid) VALUES (41, 21, 8, 16) ON CONFLICT DO NOTHING;
INSERT INTO teachersubjects (id, teacherid, subjectid, classid) VALUES (42, 21, 10, 16) ON CONFLICT DO NOTHING;
INSERT INTO teachersubjects (id, teacherid, subjectid, classid) VALUES (43, 22, 4, 9) ON CONFLICT DO NOTHING;
INSERT INTO teachersubjects (id, teacherid, subjectid, classid) VALUES (44, 22, 9, 3) ON CONFLICT DO NOTHING;
INSERT INTO teachersubjects (id, teacherid, subjectid, classid) VALUES (45, 23, 3, 1) ON CONFLICT DO NOTHING;
INSERT INTO teachersubjects (id, teacherid, subjectid, classid) VALUES (46, 23, 1, 3) ON CONFLICT DO NOTHING;
INSERT INTO teachersubjects (id, teacherid, subjectid, classid) VALUES (47, 24, 3, 2) ON CONFLICT DO NOTHING;
INSERT INTO teachersubjects (id, teacherid, subjectid, classid) VALUES (48, 24, 7, 14) ON CONFLICT DO NOTHING;
INSERT INTO teachersubjects (id, teacherid, subjectid, classid) VALUES (49, 25, 5, 20) ON CONFLICT DO NOTHING;
INSERT INTO teachersubjects (id, teacherid, subjectid, classid) VALUES (50, 25, 1, 16) ON CONFLICT DO NOTHING;

-- Fee Structures
INSERT INTO feestructures (id, classid, academicyearid, feename, totalamount) VALUES (1, 1, 1, 'Tuition Fee Term 1', 5000.00);
INSERT INTO feestructures (id, classid, academicyearid, feename, totalamount) VALUES (2, 1, 1, 'Transport Fee Term 1', 1500.00);
INSERT INTO feestructures (id, classid, academicyearid, feename, totalamount) VALUES (3, 2, 1, 'Tuition Fee Term 1', 5000.00);
INSERT INTO feestructures (id, classid, academicyearid, feename, totalamount) VALUES (4, 2, 1, 'Transport Fee Term 1', 1500.00);
INSERT INTO feestructures (id, classid, academicyearid, feename, totalamount) VALUES (5, 3, 1, 'Tuition Fee Term 1', 5000.00);
INSERT INTO feestructures (id, classid, academicyearid, feename, totalamount) VALUES (6, 3, 1, 'Transport Fee Term 1', 1500.00);
INSERT INTO feestructures (id, classid, academicyearid, feename, totalamount) VALUES (7, 4, 1, 'Tuition Fee Term 1', 5000.00);
INSERT INTO feestructures (id, classid, academicyearid, feename, totalamount) VALUES (8, 4, 1, 'Transport Fee Term 1', 1500.00);
INSERT INTO feestructures (id, classid, academicyearid, feename, totalamount) VALUES (9, 5, 1, 'Tuition Fee Term 1', 5000.00);
INSERT INTO feestructures (id, classid, academicyearid, feename, totalamount) VALUES (10, 5, 1, 'Transport Fee Term 1', 1500.00);
INSERT INTO feestructures (id, classid, academicyearid, feename, totalamount) VALUES (11, 6, 1, 'Tuition Fee Term 1', 5000.00);
INSERT INTO feestructures (id, classid, academicyearid, feename, totalamount) VALUES (12, 6, 1, 'Transport Fee Term 1', 1500.00);
INSERT INTO feestructures (id, classid, academicyearid, feename, totalamount) VALUES (13, 7, 1, 'Tuition Fee Term 1', 5000.00);
INSERT INTO feestructures (id, classid, academicyearid, feename, totalamount) VALUES (14, 7, 1, 'Transport Fee Term 1', 1500.00);
INSERT INTO feestructures (id, classid, academicyearid, feename, totalamount) VALUES (15, 8, 1, 'Tuition Fee Term 1', 5000.00);
INSERT INTO feestructures (id, classid, academicyearid, feename, totalamount) VALUES (16, 8, 1, 'Transport Fee Term 1', 1500.00);
INSERT INTO feestructures (id, classid, academicyearid, feename, totalamount) VALUES (17, 9, 1, 'Tuition Fee Term 1', 5000.00);
INSERT INTO feestructures (id, classid, academicyearid, feename, totalamount) VALUES (18, 9, 1, 'Transport Fee Term 1', 1500.00);
INSERT INTO feestructures (id, classid, academicyearid, feename, totalamount) VALUES (19, 10, 1, 'Tuition Fee Term 1', 5000.00);
INSERT INTO feestructures (id, classid, academicyearid, feename, totalamount) VALUES (20, 10, 1, 'Transport Fee Term 1', 1500.00);
INSERT INTO feestructures (id, classid, academicyearid, feename, totalamount) VALUES (21, 11, 1, 'Tuition Fee Term 1', 5000.00);
INSERT INTO feestructures (id, classid, academicyearid, feename, totalamount) VALUES (22, 11, 1, 'Transport Fee Term 1', 1500.00);
INSERT INTO feestructures (id, classid, academicyearid, feename, totalamount) VALUES (23, 12, 1, 'Tuition Fee Term 1', 5000.00);
INSERT INTO feestructures (id, classid, academicyearid, feename, totalamount) VALUES (24, 12, 1, 'Transport Fee Term 1', 1500.00);
INSERT INTO feestructures (id, classid, academicyearid, feename, totalamount) VALUES (25, 13, 1, 'Tuition Fee Term 1', 5000.00);
INSERT INTO feestructures (id, classid, academicyearid, feename, totalamount) VALUES (26, 13, 1, 'Transport Fee Term 1', 1500.00);
INSERT INTO feestructures (id, classid, academicyearid, feename, totalamount) VALUES (27, 14, 1, 'Tuition Fee Term 1', 5000.00);
INSERT INTO feestructures (id, classid, academicyearid, feename, totalamount) VALUES (28, 14, 1, 'Transport Fee Term 1', 1500.00);
INSERT INTO feestructures (id, classid, academicyearid, feename, totalamount) VALUES (29, 15, 1, 'Tuition Fee Term 1', 5000.00);
INSERT INTO feestructures (id, classid, academicyearid, feename, totalamount) VALUES (30, 15, 1, 'Transport Fee Term 1', 1500.00);
INSERT INTO feestructures (id, classid, academicyearid, feename, totalamount) VALUES (31, 16, 1, 'Tuition Fee Term 1', 5000.00);
INSERT INTO feestructures (id, classid, academicyearid, feename, totalamount) VALUES (32, 16, 1, 'Transport Fee Term 1', 1500.00);
INSERT INTO feestructures (id, classid, academicyearid, feename, totalamount) VALUES (33, 17, 1, 'Tuition Fee Term 1', 5000.00);
INSERT INTO feestructures (id, classid, academicyearid, feename, totalamount) VALUES (34, 17, 1, 'Transport Fee Term 1', 1500.00);
INSERT INTO feestructures (id, classid, academicyearid, feename, totalamount) VALUES (35, 18, 1, 'Tuition Fee Term 1', 5000.00);
INSERT INTO feestructures (id, classid, academicyearid, feename, totalamount) VALUES (36, 18, 1, 'Transport Fee Term 1', 1500.00);
INSERT INTO feestructures (id, classid, academicyearid, feename, totalamount) VALUES (37, 19, 1, 'Tuition Fee Term 1', 5000.00);
INSERT INTO feestructures (id, classid, academicyearid, feename, totalamount) VALUES (38, 19, 1, 'Transport Fee Term 1', 1500.00);
INSERT INTO feestructures (id, classid, academicyearid, feename, totalamount) VALUES (39, 20, 1, 'Tuition Fee Term 1', 5000.00);
INSERT INTO feestructures (id, classid, academicyearid, feename, totalamount) VALUES (40, 20, 1, 'Transport Fee Term 1', 1500.00);

-- Fee Payments
INSERT INTO feepayments (id, studentid, feestructureid, amountpaid, paymentdate, paymentmethod, transactionid) VALUES (1, 1, 21, 5000.00, CURRENT_TIMESTAMP, 'Card', 'TXN1');
INSERT INTO feepayments (id, studentid, feestructureid, amountpaid, paymentdate, paymentmethod, transactionid) VALUES (2, 2, 38, 5000.00, CURRENT_TIMESTAMP, 'Card', 'TXN2');
INSERT INTO feepayments (id, studentid, feestructureid, amountpaid, paymentdate, paymentmethod, transactionid) VALUES (3, 3, 27, 5000.00, CURRENT_TIMESTAMP, 'Card', 'TXN3');
INSERT INTO feepayments (id, studentid, feestructureid, amountpaid, paymentdate, paymentmethod, transactionid) VALUES (4, 4, 29, 5000.00, CURRENT_TIMESTAMP, 'Card', 'TXN4');
INSERT INTO feepayments (id, studentid, feestructureid, amountpaid, paymentdate, paymentmethod, transactionid) VALUES (5, 5, 15, 5000.00, CURRENT_TIMESTAMP, 'Card', 'TXN5');
INSERT INTO feepayments (id, studentid, feestructureid, amountpaid, paymentdate, paymentmethod, transactionid) VALUES (6, 6, 2, 5000.00, CURRENT_TIMESTAMP, 'Card', 'TXN6');
INSERT INTO feepayments (id, studentid, feestructureid, amountpaid, paymentdate, paymentmethod, transactionid) VALUES (7, 7, 30, 5000.00, CURRENT_TIMESTAMP, 'Card', 'TXN7');
INSERT INTO feepayments (id, studentid, feestructureid, amountpaid, paymentdate, paymentmethod, transactionid) VALUES (8, 8, 16, 5000.00, CURRENT_TIMESTAMP, 'Card', 'TXN8');
INSERT INTO feepayments (id, studentid, feestructureid, amountpaid, paymentdate, paymentmethod, transactionid) VALUES (9, 9, 31, 5000.00, CURRENT_TIMESTAMP, 'Card', 'TXN9');
INSERT INTO feepayments (id, studentid, feestructureid, amountpaid, paymentdate, paymentmethod, transactionid) VALUES (10, 10, 11, 5000.00, CURRENT_TIMESTAMP, 'Card', 'TXN10');
INSERT INTO feepayments (id, studentid, feestructureid, amountpaid, paymentdate, paymentmethod, transactionid) VALUES (11, 11, 35, 5000.00, CURRENT_TIMESTAMP, 'Card', 'TXN11');
INSERT INTO feepayments (id, studentid, feestructureid, amountpaid, paymentdate, paymentmethod, transactionid) VALUES (12, 12, 30, 5000.00, CURRENT_TIMESTAMP, 'Card', 'TXN12');
INSERT INTO feepayments (id, studentid, feestructureid, amountpaid, paymentdate, paymentmethod, transactionid) VALUES (13, 13, 26, 5000.00, CURRENT_TIMESTAMP, 'Card', 'TXN13');
INSERT INTO feepayments (id, studentid, feestructureid, amountpaid, paymentdate, paymentmethod, transactionid) VALUES (14, 14, 36, 5000.00, CURRENT_TIMESTAMP, 'Card', 'TXN14');
INSERT INTO feepayments (id, studentid, feestructureid, amountpaid, paymentdate, paymentmethod, transactionid) VALUES (15, 15, 32, 5000.00, CURRENT_TIMESTAMP, 'Card', 'TXN15');
INSERT INTO feepayments (id, studentid, feestructureid, amountpaid, paymentdate, paymentmethod, transactionid) VALUES (16, 16, 26, 5000.00, CURRENT_TIMESTAMP, 'Card', 'TXN16');
INSERT INTO feepayments (id, studentid, feestructureid, amountpaid, paymentdate, paymentmethod, transactionid) VALUES (17, 17, 39, 5000.00, CURRENT_TIMESTAMP, 'Card', 'TXN17');
INSERT INTO feepayments (id, studentid, feestructureid, amountpaid, paymentdate, paymentmethod, transactionid) VALUES (18, 18, 18, 5000.00, CURRENT_TIMESTAMP, 'Card', 'TXN18');
INSERT INTO feepayments (id, studentid, feestructureid, amountpaid, paymentdate, paymentmethod, transactionid) VALUES (19, 19, 31, 5000.00, CURRENT_TIMESTAMP, 'Card', 'TXN19');
INSERT INTO feepayments (id, studentid, feestructureid, amountpaid, paymentdate, paymentmethod, transactionid) VALUES (20, 20, 40, 5000.00, CURRENT_TIMESTAMP, 'Card', 'TXN20');
INSERT INTO feepayments (id, studentid, feestructureid, amountpaid, paymentdate, paymentmethod, transactionid) VALUES (21, 21, 14, 5000.00, CURRENT_TIMESTAMP, 'Card', 'TXN21');
INSERT INTO feepayments (id, studentid, feestructureid, amountpaid, paymentdate, paymentmethod, transactionid) VALUES (22, 22, 39, 5000.00, CURRENT_TIMESTAMP, 'Card', 'TXN22');
INSERT INTO feepayments (id, studentid, feestructureid, amountpaid, paymentdate, paymentmethod, transactionid) VALUES (23, 23, 18, 5000.00, CURRENT_TIMESTAMP, 'Card', 'TXN23');
INSERT INTO feepayments (id, studentid, feestructureid, amountpaid, paymentdate, paymentmethod, transactionid) VALUES (24, 24, 20, 5000.00, CURRENT_TIMESTAMP, 'Card', 'TXN24');
INSERT INTO feepayments (id, studentid, feestructureid, amountpaid, paymentdate, paymentmethod, transactionid) VALUES (25, 25, 8, 5000.00, CURRENT_TIMESTAMP, 'Card', 'TXN25');
INSERT INTO feepayments (id, studentid, feestructureid, amountpaid, paymentdate, paymentmethod, transactionid) VALUES (26, 26, 33, 5000.00, CURRENT_TIMESTAMP, 'Card', 'TXN26');
INSERT INTO feepayments (id, studentid, feestructureid, amountpaid, paymentdate, paymentmethod, transactionid) VALUES (27, 27, 13, 5000.00, CURRENT_TIMESTAMP, 'Card', 'TXN27');
INSERT INTO feepayments (id, studentid, feestructureid, amountpaid, paymentdate, paymentmethod, transactionid) VALUES (28, 28, 12, 5000.00, CURRENT_TIMESTAMP, 'Card', 'TXN28');
INSERT INTO feepayments (id, studentid, feestructureid, amountpaid, paymentdate, paymentmethod, transactionid) VALUES (29, 29, 36, 5000.00, CURRENT_TIMESTAMP, 'Card', 'TXN29');
INSERT INTO feepayments (id, studentid, feestructureid, amountpaid, paymentdate, paymentmethod, transactionid) VALUES (30, 30, 19, 5000.00, CURRENT_TIMESTAMP, 'Card', 'TXN30');
INSERT INTO feepayments (id, studentid, feestructureid, amountpaid, paymentdate, paymentmethod, transactionid) VALUES (31, 31, 20, 5000.00, CURRENT_TIMESTAMP, 'Card', 'TXN31');
INSERT INTO feepayments (id, studentid, feestructureid, amountpaid, paymentdate, paymentmethod, transactionid) VALUES (32, 32, 27, 5000.00, CURRENT_TIMESTAMP, 'Card', 'TXN32');
INSERT INTO feepayments (id, studentid, feestructureid, amountpaid, paymentdate, paymentmethod, transactionid) VALUES (33, 33, 32, 5000.00, CURRENT_TIMESTAMP, 'Card', 'TXN33');
INSERT INTO feepayments (id, studentid, feestructureid, amountpaid, paymentdate, paymentmethod, transactionid) VALUES (34, 34, 10, 5000.00, CURRENT_TIMESTAMP, 'Card', 'TXN34');
INSERT INTO feepayments (id, studentid, feestructureid, amountpaid, paymentdate, paymentmethod, transactionid) VALUES (35, 35, 15, 5000.00, CURRENT_TIMESTAMP, 'Card', 'TXN35');
INSERT INTO feepayments (id, studentid, feestructureid, amountpaid, paymentdate, paymentmethod, transactionid) VALUES (36, 36, 9, 5000.00, CURRENT_TIMESTAMP, 'Card', 'TXN36');
INSERT INTO feepayments (id, studentid, feestructureid, amountpaid, paymentdate, paymentmethod, transactionid) VALUES (37, 37, 18, 5000.00, CURRENT_TIMESTAMP, 'Card', 'TXN37');
INSERT INTO feepayments (id, studentid, feestructureid, amountpaid, paymentdate, paymentmethod, transactionid) VALUES (38, 38, 8, 5000.00, CURRENT_TIMESTAMP, 'Card', 'TXN38');
INSERT INTO feepayments (id, studentid, feestructureid, amountpaid, paymentdate, paymentmethod, transactionid) VALUES (39, 39, 10, 5000.00, CURRENT_TIMESTAMP, 'Card', 'TXN39');
INSERT INTO feepayments (id, studentid, feestructureid, amountpaid, paymentdate, paymentmethod, transactionid) VALUES (40, 40, 40, 5000.00, CURRENT_TIMESTAMP, 'Card', 'TXN40');
INSERT INTO feepayments (id, studentid, feestructureid, amountpaid, paymentdate, paymentmethod, transactionid) VALUES (41, 41, 17, 5000.00, CURRENT_TIMESTAMP, 'Card', 'TXN41');
INSERT INTO feepayments (id, studentid, feestructureid, amountpaid, paymentdate, paymentmethod, transactionid) VALUES (42, 42, 27, 5000.00, CURRENT_TIMESTAMP, 'Card', 'TXN42');
INSERT INTO feepayments (id, studentid, feestructureid, amountpaid, paymentdate, paymentmethod, transactionid) VALUES (43, 43, 3, 5000.00, CURRENT_TIMESTAMP, 'Card', 'TXN43');
INSERT INTO feepayments (id, studentid, feestructureid, amountpaid, paymentdate, paymentmethod, transactionid) VALUES (44, 44, 6, 5000.00, CURRENT_TIMESTAMP, 'Card', 'TXN44');
INSERT INTO feepayments (id, studentid, feestructureid, amountpaid, paymentdate, paymentmethod, transactionid) VALUES (45, 45, 17, 5000.00, CURRENT_TIMESTAMP, 'Card', 'TXN45');
INSERT INTO feepayments (id, studentid, feestructureid, amountpaid, paymentdate, paymentmethod, transactionid) VALUES (46, 46, 14, 5000.00, CURRENT_TIMESTAMP, 'Card', 'TXN46');
INSERT INTO feepayments (id, studentid, feestructureid, amountpaid, paymentdate, paymentmethod, transactionid) VALUES (47, 47, 37, 5000.00, CURRENT_TIMESTAMP, 'Card', 'TXN47');
INSERT INTO feepayments (id, studentid, feestructureid, amountpaid, paymentdate, paymentmethod, transactionid) VALUES (48, 48, 25, 5000.00, CURRENT_TIMESTAMP, 'Card', 'TXN48');
INSERT INTO feepayments (id, studentid, feestructureid, amountpaid, paymentdate, paymentmethod, transactionid) VALUES (49, 49, 3, 5000.00, CURRENT_TIMESTAMP, 'Card', 'TXN49');
INSERT INTO feepayments (id, studentid, feestructureid, amountpaid, paymentdate, paymentmethod, transactionid) VALUES (50, 50, 12, 5000.00, CURRENT_TIMESTAMP, 'Card', 'TXN50');

-- Attendance
INSERT INTO attendance (id, studentid, date, status, markedbyteacherid, remarks) VALUES (1, 1, '2025-06-01', 'Present', 12, '');
INSERT INTO attendance (id, studentid, date, status, markedbyteacherid, remarks) VALUES (2, 1, '2025-06-02', 'Present', 10, '');
INSERT INTO attendance (id, studentid, date, status, markedbyteacherid, remarks) VALUES (3, 1, '2025-06-03', 'Present', 12, '');
INSERT INTO attendance (id, studentid, date, status, markedbyteacherid, remarks) VALUES (4, 1, '2025-06-04', 'Absent', 12, '');
INSERT INTO attendance (id, studentid, date, status, markedbyteacherid, remarks) VALUES (5, 1, '2025-06-05', 'Present', 21, '');
INSERT INTO attendance (id, studentid, date, status, markedbyteacherid, remarks) VALUES (6, 2, '2025-06-01', 'Present', 14, '');
INSERT INTO attendance (id, studentid, date, status, markedbyteacherid, remarks) VALUES (7, 2, '2025-06-02', 'Absent', 22, '');
INSERT INTO attendance (id, studentid, date, status, markedbyteacherid, remarks) VALUES (8, 2, '2025-06-03', 'Present', 25, '');
INSERT INTO attendance (id, studentid, date, status, markedbyteacherid, remarks) VALUES (9, 2, '2025-06-04', 'Present', 1, '');
INSERT INTO attendance (id, studentid, date, status, markedbyteacherid, remarks) VALUES (10, 2, '2025-06-05', 'Present', 11, '');
INSERT INTO attendance (id, studentid, date, status, markedbyteacherid, remarks) VALUES (11, 3, '2025-06-01', 'Absent', 2, '');
INSERT INTO attendance (id, studentid, date, status, markedbyteacherid, remarks) VALUES (12, 3, '2025-06-02', 'Absent', 20, '');
INSERT INTO attendance (id, studentid, date, status, markedbyteacherid, remarks) VALUES (13, 3, '2025-06-03', 'Present', 25, '');
INSERT INTO attendance (id, studentid, date, status, markedbyteacherid, remarks) VALUES (14, 3, '2025-06-04', 'Absent', 2, '');
INSERT INTO attendance (id, studentid, date, status, markedbyteacherid, remarks) VALUES (15, 3, '2025-06-05', 'Absent', 6, '');
INSERT INTO attendance (id, studentid, date, status, markedbyteacherid, remarks) VALUES (16, 4, '2025-06-01', 'Present', 3, '');
INSERT INTO attendance (id, studentid, date, status, markedbyteacherid, remarks) VALUES (17, 4, '2025-06-02', 'Present', 9, '');
INSERT INTO attendance (id, studentid, date, status, markedbyteacherid, remarks) VALUES (18, 4, '2025-06-03', 'Present', 1, '');
INSERT INTO attendance (id, studentid, date, status, markedbyteacherid, remarks) VALUES (19, 4, '2025-06-04', 'Present', 17, '');
INSERT INTO attendance (id, studentid, date, status, markedbyteacherid, remarks) VALUES (20, 4, '2025-06-05', 'Absent', 10, '');
INSERT INTO attendance (id, studentid, date, status, markedbyteacherid, remarks) VALUES (21, 5, '2025-06-01', 'Absent', 21, '');
INSERT INTO attendance (id, studentid, date, status, markedbyteacherid, remarks) VALUES (22, 5, '2025-06-02', 'Present', 21, '');
INSERT INTO attendance (id, studentid, date, status, markedbyteacherid, remarks) VALUES (23, 5, '2025-06-03', 'Present', 17, '');
INSERT INTO attendance (id, studentid, date, status, markedbyteacherid, remarks) VALUES (24, 5, '2025-06-04', 'Present', 22, '');
INSERT INTO attendance (id, studentid, date, status, markedbyteacherid, remarks) VALUES (25, 5, '2025-06-05', 'Present', 1, '');
INSERT INTO attendance (id, studentid, date, status, markedbyteacherid, remarks) VALUES (26, 6, '2025-06-01', 'Present', 24, '');
INSERT INTO attendance (id, studentid, date, status, markedbyteacherid, remarks) VALUES (27, 6, '2025-06-02', 'Present', 5, '');
INSERT INTO attendance (id, studentid, date, status, markedbyteacherid, remarks) VALUES (28, 6, '2025-06-03', 'Present', 9, '');
INSERT INTO attendance (id, studentid, date, status, markedbyteacherid, remarks) VALUES (29, 6, '2025-06-04', 'Present', 7, '');
INSERT INTO attendance (id, studentid, date, status, markedbyteacherid, remarks) VALUES (30, 6, '2025-06-05', 'Present', 3, '');
INSERT INTO attendance (id, studentid, date, status, markedbyteacherid, remarks) VALUES (31, 7, '2025-06-01', 'Present', 3, '');
INSERT INTO attendance (id, studentid, date, status, markedbyteacherid, remarks) VALUES (32, 7, '2025-06-02', 'Present', 14, '');
INSERT INTO attendance (id, studentid, date, status, markedbyteacherid, remarks) VALUES (33, 7, '2025-06-03', 'Present', 16, '');
INSERT INTO attendance (id, studentid, date, status, markedbyteacherid, remarks) VALUES (34, 7, '2025-06-04', 'Present', 17, '');
INSERT INTO attendance (id, studentid, date, status, markedbyteacherid, remarks) VALUES (35, 7, '2025-06-05', 'Present', 17, '');
INSERT INTO attendance (id, studentid, date, status, markedbyteacherid, remarks) VALUES (36, 8, '2025-06-01', 'Present', 19, '');
INSERT INTO attendance (id, studentid, date, status, markedbyteacherid, remarks) VALUES (37, 8, '2025-06-02', 'Present', 20, '');
INSERT INTO attendance (id, studentid, date, status, markedbyteacherid, remarks) VALUES (38, 8, '2025-06-03', 'Present', 1, '');
INSERT INTO attendance (id, studentid, date, status, markedbyteacherid, remarks) VALUES (39, 8, '2025-06-04', 'Present', 23, '');
INSERT INTO attendance (id, studentid, date, status, markedbyteacherid, remarks) VALUES (40, 8, '2025-06-05', 'Present', 11, '');
INSERT INTO attendance (id, studentid, date, status, markedbyteacherid, remarks) VALUES (41, 9, '2025-06-01', 'Absent', 25, '');
INSERT INTO attendance (id, studentid, date, status, markedbyteacherid, remarks) VALUES (42, 9, '2025-06-02', 'Present', 11, '');
INSERT INTO attendance (id, studentid, date, status, markedbyteacherid, remarks) VALUES (43, 9, '2025-06-03', 'Present', 15, '');
INSERT INTO attendance (id, studentid, date, status, markedbyteacherid, remarks) VALUES (44, 9, '2025-06-04', 'Absent', 22, '');
INSERT INTO attendance (id, studentid, date, status, markedbyteacherid, remarks) VALUES (45, 9, '2025-06-05', 'Present', 21, '');
INSERT INTO attendance (id, studentid, date, status, markedbyteacherid, remarks) VALUES (46, 10, '2025-06-01', 'Absent', 11, '');
INSERT INTO attendance (id, studentid, date, status, markedbyteacherid, remarks) VALUES (47, 10, '2025-06-02', 'Present', 10, '');
INSERT INTO attendance (id, studentid, date, status, markedbyteacherid, remarks) VALUES (48, 10, '2025-06-03', 'Absent', 21, '');
INSERT INTO attendance (id, studentid, date, status, markedbyteacherid, remarks) VALUES (49, 10, '2025-06-04', 'Absent', 13, '');
INSERT INTO attendance (id, studentid, date, status, markedbyteacherid, remarks) VALUES (50, 10, '2025-06-05', 'Present', 12, '');
INSERT INTO attendance (id, studentid, date, status, markedbyteacherid, remarks) VALUES (51, 11, '2025-06-01', 'Absent', 13, '');
INSERT INTO attendance (id, studentid, date, status, markedbyteacherid, remarks) VALUES (52, 11, '2025-06-02', 'Present', 23, '');
INSERT INTO attendance (id, studentid, date, status, markedbyteacherid, remarks) VALUES (53, 11, '2025-06-03', 'Present', 5, '');
INSERT INTO attendance (id, studentid, date, status, markedbyteacherid, remarks) VALUES (54, 11, '2025-06-04', 'Present', 5, '');
INSERT INTO attendance (id, studentid, date, status, markedbyteacherid, remarks) VALUES (55, 11, '2025-06-05', 'Absent', 23, '');
INSERT INTO attendance (id, studentid, date, status, markedbyteacherid, remarks) VALUES (56, 12, '2025-06-01', 'Absent', 14, '');
INSERT INTO attendance (id, studentid, date, status, markedbyteacherid, remarks) VALUES (57, 12, '2025-06-02', 'Absent', 20, '');
INSERT INTO attendance (id, studentid, date, status, markedbyteacherid, remarks) VALUES (58, 12, '2025-06-03', 'Absent', 24, '');
INSERT INTO attendance (id, studentid, date, status, markedbyteacherid, remarks) VALUES (59, 12, '2025-06-04', 'Absent', 9, '');
INSERT INTO attendance (id, studentid, date, status, markedbyteacherid, remarks) VALUES (60, 12, '2025-06-05', 'Absent', 7, '');
INSERT INTO attendance (id, studentid, date, status, markedbyteacherid, remarks) VALUES (61, 13, '2025-06-01', 'Present', 16, '');
INSERT INTO attendance (id, studentid, date, status, markedbyteacherid, remarks) VALUES (62, 13, '2025-06-02', 'Absent', 17, '');
INSERT INTO attendance (id, studentid, date, status, markedbyteacherid, remarks) VALUES (63, 13, '2025-06-03', 'Absent', 9, '');
INSERT INTO attendance (id, studentid, date, status, markedbyteacherid, remarks) VALUES (64, 13, '2025-06-04', 'Absent', 20, '');
INSERT INTO attendance (id, studentid, date, status, markedbyteacherid, remarks) VALUES (65, 13, '2025-06-05', 'Present', 2, '');
INSERT INTO attendance (id, studentid, date, status, markedbyteacherid, remarks) VALUES (66, 14, '2025-06-01', 'Absent', 7, '');
INSERT INTO attendance (id, studentid, date, status, markedbyteacherid, remarks) VALUES (67, 14, '2025-06-02', 'Absent', 4, '');
INSERT INTO attendance (id, studentid, date, status, markedbyteacherid, remarks) VALUES (68, 14, '2025-06-03', 'Absent', 15, '');
INSERT INTO attendance (id, studentid, date, status, markedbyteacherid, remarks) VALUES (69, 14, '2025-06-04', 'Present', 12, '');
INSERT INTO attendance (id, studentid, date, status, markedbyteacherid, remarks) VALUES (70, 14, '2025-06-05', 'Absent', 9, '');
INSERT INTO attendance (id, studentid, date, status, markedbyteacherid, remarks) VALUES (71, 15, '2025-06-01', 'Absent', 5, '');
INSERT INTO attendance (id, studentid, date, status, markedbyteacherid, remarks) VALUES (72, 15, '2025-06-02', 'Absent', 19, '');
INSERT INTO attendance (id, studentid, date, status, markedbyteacherid, remarks) VALUES (73, 15, '2025-06-03', 'Present', 20, '');
INSERT INTO attendance (id, studentid, date, status, markedbyteacherid, remarks) VALUES (74, 15, '2025-06-04', 'Present', 22, '');
INSERT INTO attendance (id, studentid, date, status, markedbyteacherid, remarks) VALUES (75, 15, '2025-06-05', 'Absent', 14, '');
INSERT INTO attendance (id, studentid, date, status, markedbyteacherid, remarks) VALUES (76, 16, '2025-06-01', 'Absent', 13, '');
INSERT INTO attendance (id, studentid, date, status, markedbyteacherid, remarks) VALUES (77, 16, '2025-06-02', 'Absent', 5, '');
INSERT INTO attendance (id, studentid, date, status, markedbyteacherid, remarks) VALUES (78, 16, '2025-06-03', 'Present', 17, '');
INSERT INTO attendance (id, studentid, date, status, markedbyteacherid, remarks) VALUES (79, 16, '2025-06-04', 'Present', 11, '');
INSERT INTO attendance (id, studentid, date, status, markedbyteacherid, remarks) VALUES (80, 16, '2025-06-05', 'Present', 21, '');
INSERT INTO attendance (id, studentid, date, status, markedbyteacherid, remarks) VALUES (81, 17, '2025-06-01', 'Absent', 4, '');
INSERT INTO attendance (id, studentid, date, status, markedbyteacherid, remarks) VALUES (82, 17, '2025-06-02', 'Present', 6, '');
INSERT INTO attendance (id, studentid, date, status, markedbyteacherid, remarks) VALUES (83, 17, '2025-06-03', 'Present', 24, '');
INSERT INTO attendance (id, studentid, date, status, markedbyteacherid, remarks) VALUES (84, 17, '2025-06-04', 'Present', 11, '');
INSERT INTO attendance (id, studentid, date, status, markedbyteacherid, remarks) VALUES (85, 17, '2025-06-05', 'Present', 1, '');
INSERT INTO attendance (id, studentid, date, status, markedbyteacherid, remarks) VALUES (86, 18, '2025-06-01', 'Present', 12, '');
INSERT INTO attendance (id, studentid, date, status, markedbyteacherid, remarks) VALUES (87, 18, '2025-06-02', 'Present', 21, '');
INSERT INTO attendance (id, studentid, date, status, markedbyteacherid, remarks) VALUES (88, 18, '2025-06-03', 'Present', 19, '');
INSERT INTO attendance (id, studentid, date, status, markedbyteacherid, remarks) VALUES (89, 18, '2025-06-04', 'Absent', 23, '');
INSERT INTO attendance (id, studentid, date, status, markedbyteacherid, remarks) VALUES (90, 18, '2025-06-05', 'Present', 11, '');
INSERT INTO attendance (id, studentid, date, status, markedbyteacherid, remarks) VALUES (91, 19, '2025-06-01', 'Present', 15, '');
INSERT INTO attendance (id, studentid, date, status, markedbyteacherid, remarks) VALUES (92, 19, '2025-06-02', 'Present', 5, '');
INSERT INTO attendance (id, studentid, date, status, markedbyteacherid, remarks) VALUES (93, 19, '2025-06-03', 'Present', 15, '');
INSERT INTO attendance (id, studentid, date, status, markedbyteacherid, remarks) VALUES (94, 19, '2025-06-04', 'Present', 21, '');
INSERT INTO attendance (id, studentid, date, status, markedbyteacherid, remarks) VALUES (95, 19, '2025-06-05', 'Absent', 22, '');
INSERT INTO attendance (id, studentid, date, status, markedbyteacherid, remarks) VALUES (96, 20, '2025-06-01', 'Absent', 23, '');
INSERT INTO attendance (id, studentid, date, status, markedbyteacherid, remarks) VALUES (97, 20, '2025-06-02', 'Absent', 25, '');
INSERT INTO attendance (id, studentid, date, status, markedbyteacherid, remarks) VALUES (98, 20, '2025-06-03', 'Present', 11, '');
INSERT INTO attendance (id, studentid, date, status, markedbyteacherid, remarks) VALUES (99, 20, '2025-06-04', 'Present', 8, '');
INSERT INTO attendance (id, studentid, date, status, markedbyteacherid, remarks) VALUES (100, 20, '2025-06-05', 'Present', 4, '');
INSERT INTO attendance (id, studentid, date, status, markedbyteacherid, remarks) VALUES (101, 21, '2025-06-01', 'Present', 6, '');
INSERT INTO attendance (id, studentid, date, status, markedbyteacherid, remarks) VALUES (102, 21, '2025-06-02', 'Present', 19, '');
INSERT INTO attendance (id, studentid, date, status, markedbyteacherid, remarks) VALUES (103, 21, '2025-06-03', 'Absent', 10, '');
INSERT INTO attendance (id, studentid, date, status, markedbyteacherid, remarks) VALUES (104, 21, '2025-06-04', 'Present', 2, '');
INSERT INTO attendance (id, studentid, date, status, markedbyteacherid, remarks) VALUES (105, 21, '2025-06-05', 'Present', 8, '');
INSERT INTO attendance (id, studentid, date, status, markedbyteacherid, remarks) VALUES (106, 22, '2025-06-01', 'Present', 8, '');
INSERT INTO attendance (id, studentid, date, status, markedbyteacherid, remarks) VALUES (107, 22, '2025-06-02', 'Present', 18, '');
INSERT INTO attendance (id, studentid, date, status, markedbyteacherid, remarks) VALUES (108, 22, '2025-06-03', 'Absent', 5, '');
INSERT INTO attendance (id, studentid, date, status, markedbyteacherid, remarks) VALUES (109, 22, '2025-06-04', 'Present', 24, '');
INSERT INTO attendance (id, studentid, date, status, markedbyteacherid, remarks) VALUES (110, 22, '2025-06-05', 'Present', 4, '');
INSERT INTO attendance (id, studentid, date, status, markedbyteacherid, remarks) VALUES (111, 23, '2025-06-01', 'Present', 16, '');
INSERT INTO attendance (id, studentid, date, status, markedbyteacherid, remarks) VALUES (112, 23, '2025-06-02', 'Present', 10, '');
INSERT INTO attendance (id, studentid, date, status, markedbyteacherid, remarks) VALUES (113, 23, '2025-06-03', 'Present', 3, '');
INSERT INTO attendance (id, studentid, date, status, markedbyteacherid, remarks) VALUES (114, 23, '2025-06-04', 'Present', 10, '');
INSERT INTO attendance (id, studentid, date, status, markedbyteacherid, remarks) VALUES (115, 23, '2025-06-05', 'Present', 15, '');
INSERT INTO attendance (id, studentid, date, status, markedbyteacherid, remarks) VALUES (116, 24, '2025-06-01', 'Present', 6, '');
INSERT INTO attendance (id, studentid, date, status, markedbyteacherid, remarks) VALUES (117, 24, '2025-06-02', 'Present', 7, '');
INSERT INTO attendance (id, studentid, date, status, markedbyteacherid, remarks) VALUES (118, 24, '2025-06-03', 'Absent', 11, '');
INSERT INTO attendance (id, studentid, date, status, markedbyteacherid, remarks) VALUES (119, 24, '2025-06-04', 'Absent', 3, '');
INSERT INTO attendance (id, studentid, date, status, markedbyteacherid, remarks) VALUES (120, 24, '2025-06-05', 'Absent', 6, '');
INSERT INTO attendance (id, studentid, date, status, markedbyteacherid, remarks) VALUES (121, 25, '2025-06-01', 'Present', 11, '');
INSERT INTO attendance (id, studentid, date, status, markedbyteacherid, remarks) VALUES (122, 25, '2025-06-02', 'Present', 18, '');
INSERT INTO attendance (id, studentid, date, status, markedbyteacherid, remarks) VALUES (123, 25, '2025-06-03', 'Present', 2, '');
INSERT INTO attendance (id, studentid, date, status, markedbyteacherid, remarks) VALUES (124, 25, '2025-06-04', 'Absent', 20, '');
INSERT INTO attendance (id, studentid, date, status, markedbyteacherid, remarks) VALUES (125, 25, '2025-06-05', 'Present', 4, '');
INSERT INTO attendance (id, studentid, date, status, markedbyteacherid, remarks) VALUES (126, 26, '2025-06-01', 'Present', 6, '');
INSERT INTO attendance (id, studentid, date, status, markedbyteacherid, remarks) VALUES (127, 26, '2025-06-02', 'Present', 5, '');
INSERT INTO attendance (id, studentid, date, status, markedbyteacherid, remarks) VALUES (128, 26, '2025-06-03', 'Present', 14, '');
INSERT INTO attendance (id, studentid, date, status, markedbyteacherid, remarks) VALUES (129, 26, '2025-06-04', 'Present', 11, '');
INSERT INTO attendance (id, studentid, date, status, markedbyteacherid, remarks) VALUES (130, 26, '2025-06-05', 'Present', 11, '');
INSERT INTO attendance (id, studentid, date, status, markedbyteacherid, remarks) VALUES (131, 27, '2025-06-01', 'Absent', 9, '');
INSERT INTO attendance (id, studentid, date, status, markedbyteacherid, remarks) VALUES (132, 27, '2025-06-02', 'Present', 25, '');
INSERT INTO attendance (id, studentid, date, status, markedbyteacherid, remarks) VALUES (133, 27, '2025-06-03', 'Present', 5, '');
INSERT INTO attendance (id, studentid, date, status, markedbyteacherid, remarks) VALUES (134, 27, '2025-06-04', 'Present', 4, '');
INSERT INTO attendance (id, studentid, date, status, markedbyteacherid, remarks) VALUES (135, 27, '2025-06-05', 'Present', 11, '');
INSERT INTO attendance (id, studentid, date, status, markedbyteacherid, remarks) VALUES (136, 28, '2025-06-01', 'Absent', 4, '');
INSERT INTO attendance (id, studentid, date, status, markedbyteacherid, remarks) VALUES (137, 28, '2025-06-02', 'Absent', 7, '');
INSERT INTO attendance (id, studentid, date, status, markedbyteacherid, remarks) VALUES (138, 28, '2025-06-03', 'Absent', 19, '');
INSERT INTO attendance (id, studentid, date, status, markedbyteacherid, remarks) VALUES (139, 28, '2025-06-04', 'Present', 17, '');
INSERT INTO attendance (id, studentid, date, status, markedbyteacherid, remarks) VALUES (140, 28, '2025-06-05', 'Present', 3, '');
INSERT INTO attendance (id, studentid, date, status, markedbyteacherid, remarks) VALUES (141, 29, '2025-06-01', 'Present', 3, '');
INSERT INTO attendance (id, studentid, date, status, markedbyteacherid, remarks) VALUES (142, 29, '2025-06-02', 'Present', 24, '');
INSERT INTO attendance (id, studentid, date, status, markedbyteacherid, remarks) VALUES (143, 29, '2025-06-03', 'Present', 15, '');
INSERT INTO attendance (id, studentid, date, status, markedbyteacherid, remarks) VALUES (144, 29, '2025-06-04', 'Present', 25, '');
INSERT INTO attendance (id, studentid, date, status, markedbyteacherid, remarks) VALUES (145, 29, '2025-06-05', 'Absent', 14, '');
INSERT INTO attendance (id, studentid, date, status, markedbyteacherid, remarks) VALUES (146, 30, '2025-06-01', 'Present', 13, '');
INSERT INTO attendance (id, studentid, date, status, markedbyteacherid, remarks) VALUES (147, 30, '2025-06-02', 'Present', 12, '');
INSERT INTO attendance (id, studentid, date, status, markedbyteacherid, remarks) VALUES (148, 30, '2025-06-03', 'Present', 4, '');
INSERT INTO attendance (id, studentid, date, status, markedbyteacherid, remarks) VALUES (149, 30, '2025-06-04', 'Absent', 10, '');
INSERT INTO attendance (id, studentid, date, status, markedbyteacherid, remarks) VALUES (150, 30, '2025-06-05', 'Present', 7, '');
INSERT INTO attendance (id, studentid, date, status, markedbyteacherid, remarks) VALUES (151, 31, '2025-06-01', 'Present', 9, '');
INSERT INTO attendance (id, studentid, date, status, markedbyteacherid, remarks) VALUES (152, 31, '2025-06-02', 'Absent', 17, '');
INSERT INTO attendance (id, studentid, date, status, markedbyteacherid, remarks) VALUES (153, 31, '2025-06-03', 'Present', 13, '');
INSERT INTO attendance (id, studentid, date, status, markedbyteacherid, remarks) VALUES (154, 31, '2025-06-04', 'Absent', 7, '');
INSERT INTO attendance (id, studentid, date, status, markedbyteacherid, remarks) VALUES (155, 31, '2025-06-05', 'Absent', 24, '');
INSERT INTO attendance (id, studentid, date, status, markedbyteacherid, remarks) VALUES (156, 32, '2025-06-01', 'Present', 12, '');
INSERT INTO attendance (id, studentid, date, status, markedbyteacherid, remarks) VALUES (157, 32, '2025-06-02', 'Present', 3, '');
INSERT INTO attendance (id, studentid, date, status, markedbyteacherid, remarks) VALUES (158, 32, '2025-06-03', 'Present', 18, '');
INSERT INTO attendance (id, studentid, date, status, markedbyteacherid, remarks) VALUES (159, 32, '2025-06-04', 'Absent', 7, '');
INSERT INTO attendance (id, studentid, date, status, markedbyteacherid, remarks) VALUES (160, 32, '2025-06-05', 'Present', 13, '');
INSERT INTO attendance (id, studentid, date, status, markedbyteacherid, remarks) VALUES (161, 33, '2025-06-01', 'Present', 1, '');
INSERT INTO attendance (id, studentid, date, status, markedbyteacherid, remarks) VALUES (162, 33, '2025-06-02', 'Present', 4, '');
INSERT INTO attendance (id, studentid, date, status, markedbyteacherid, remarks) VALUES (163, 33, '2025-06-03', 'Present', 11, '');
INSERT INTO attendance (id, studentid, date, status, markedbyteacherid, remarks) VALUES (164, 33, '2025-06-04', 'Present', 10, '');
INSERT INTO attendance (id, studentid, date, status, markedbyteacherid, remarks) VALUES (165, 33, '2025-06-05', 'Present', 17, '');
INSERT INTO attendance (id, studentid, date, status, markedbyteacherid, remarks) VALUES (166, 34, '2025-06-01', 'Present', 25, '');
INSERT INTO attendance (id, studentid, date, status, markedbyteacherid, remarks) VALUES (167, 34, '2025-06-02', 'Present', 18, '');
INSERT INTO attendance (id, studentid, date, status, markedbyteacherid, remarks) VALUES (168, 34, '2025-06-03', 'Present', 12, '');
INSERT INTO attendance (id, studentid, date, status, markedbyteacherid, remarks) VALUES (169, 34, '2025-06-04', 'Present', 21, '');
INSERT INTO attendance (id, studentid, date, status, markedbyteacherid, remarks) VALUES (170, 34, '2025-06-05', 'Present', 19, '');
INSERT INTO attendance (id, studentid, date, status, markedbyteacherid, remarks) VALUES (171, 35, '2025-06-01', 'Present', 13, '');
INSERT INTO attendance (id, studentid, date, status, markedbyteacherid, remarks) VALUES (172, 35, '2025-06-02', 'Present', 18, '');
INSERT INTO attendance (id, studentid, date, status, markedbyteacherid, remarks) VALUES (173, 35, '2025-06-03', 'Present', 19, '');
INSERT INTO attendance (id, studentid, date, status, markedbyteacherid, remarks) VALUES (174, 35, '2025-06-04', 'Present', 11, '');
INSERT INTO attendance (id, studentid, date, status, markedbyteacherid, remarks) VALUES (175, 35, '2025-06-05', 'Present', 10, '');
INSERT INTO attendance (id, studentid, date, status, markedbyteacherid, remarks) VALUES (176, 36, '2025-06-01', 'Present', 22, '');
INSERT INTO attendance (id, studentid, date, status, markedbyteacherid, remarks) VALUES (177, 36, '2025-06-02', 'Present', 13, '');
INSERT INTO attendance (id, studentid, date, status, markedbyteacherid, remarks) VALUES (178, 36, '2025-06-03', 'Absent', 12, '');
INSERT INTO attendance (id, studentid, date, status, markedbyteacherid, remarks) VALUES (179, 36, '2025-06-04', 'Present', 10, '');
INSERT INTO attendance (id, studentid, date, status, markedbyteacherid, remarks) VALUES (180, 36, '2025-06-05', 'Present', 14, '');
INSERT INTO attendance (id, studentid, date, status, markedbyteacherid, remarks) VALUES (181, 37, '2025-06-01', 'Present', 21, '');
INSERT INTO attendance (id, studentid, date, status, markedbyteacherid, remarks) VALUES (182, 37, '2025-06-02', 'Present', 25, '');
INSERT INTO attendance (id, studentid, date, status, markedbyteacherid, remarks) VALUES (183, 37, '2025-06-03', 'Present', 18, '');
INSERT INTO attendance (id, studentid, date, status, markedbyteacherid, remarks) VALUES (184, 37, '2025-06-04', 'Present', 4, '');
INSERT INTO attendance (id, studentid, date, status, markedbyteacherid, remarks) VALUES (185, 37, '2025-06-05', 'Present', 2, '');
INSERT INTO attendance (id, studentid, date, status, markedbyteacherid, remarks) VALUES (186, 38, '2025-06-01', 'Present', 8, '');
INSERT INTO attendance (id, studentid, date, status, markedbyteacherid, remarks) VALUES (187, 38, '2025-06-02', 'Absent', 18, '');
INSERT INTO attendance (id, studentid, date, status, markedbyteacherid, remarks) VALUES (188, 38, '2025-06-03', 'Present', 9, '');
INSERT INTO attendance (id, studentid, date, status, markedbyteacherid, remarks) VALUES (189, 38, '2025-06-04', 'Present', 3, '');
INSERT INTO attendance (id, studentid, date, status, markedbyteacherid, remarks) VALUES (190, 38, '2025-06-05', 'Absent', 16, '');
INSERT INTO attendance (id, studentid, date, status, markedbyteacherid, remarks) VALUES (191, 39, '2025-06-01', 'Absent', 4, '');
INSERT INTO attendance (id, studentid, date, status, markedbyteacherid, remarks) VALUES (192, 39, '2025-06-02', 'Present', 16, '');
INSERT INTO attendance (id, studentid, date, status, markedbyteacherid, remarks) VALUES (193, 39, '2025-06-03', 'Absent', 19, '');
INSERT INTO attendance (id, studentid, date, status, markedbyteacherid, remarks) VALUES (194, 39, '2025-06-04', 'Present', 20, '');
INSERT INTO attendance (id, studentid, date, status, markedbyteacherid, remarks) VALUES (195, 39, '2025-06-05', 'Absent', 17, '');
INSERT INTO attendance (id, studentid, date, status, markedbyteacherid, remarks) VALUES (196, 40, '2025-06-01', 'Absent', 16, '');
INSERT INTO attendance (id, studentid, date, status, markedbyteacherid, remarks) VALUES (197, 40, '2025-06-02', 'Present', 13, '');
INSERT INTO attendance (id, studentid, date, status, markedbyteacherid, remarks) VALUES (198, 40, '2025-06-03', 'Present', 15, '');
INSERT INTO attendance (id, studentid, date, status, markedbyteacherid, remarks) VALUES (199, 40, '2025-06-04', 'Present', 24, '');
INSERT INTO attendance (id, studentid, date, status, markedbyteacherid, remarks) VALUES (200, 40, '2025-06-05', 'Present', 4, '');
INSERT INTO attendance (id, studentid, date, status, markedbyteacherid, remarks) VALUES (201, 41, '2025-06-01', 'Present', 17, '');
INSERT INTO attendance (id, studentid, date, status, markedbyteacherid, remarks) VALUES (202, 41, '2025-06-02', 'Present', 22, '');
INSERT INTO attendance (id, studentid, date, status, markedbyteacherid, remarks) VALUES (203, 41, '2025-06-03', 'Present', 16, '');
INSERT INTO attendance (id, studentid, date, status, markedbyteacherid, remarks) VALUES (204, 41, '2025-06-04', 'Present', 20, '');
INSERT INTO attendance (id, studentid, date, status, markedbyteacherid, remarks) VALUES (205, 41, '2025-06-05', 'Present', 2, '');
INSERT INTO attendance (id, studentid, date, status, markedbyteacherid, remarks) VALUES (206, 42, '2025-06-01', 'Present', 11, '');
INSERT INTO attendance (id, studentid, date, status, markedbyteacherid, remarks) VALUES (207, 42, '2025-06-02', 'Absent', 24, '');
INSERT INTO attendance (id, studentid, date, status, markedbyteacherid, remarks) VALUES (208, 42, '2025-06-03', 'Present', 24, '');
INSERT INTO attendance (id, studentid, date, status, markedbyteacherid, remarks) VALUES (209, 42, '2025-06-04', 'Present', 12, '');
INSERT INTO attendance (id, studentid, date, status, markedbyteacherid, remarks) VALUES (210, 42, '2025-06-05', 'Absent', 24, '');
INSERT INTO attendance (id, studentid, date, status, markedbyteacherid, remarks) VALUES (211, 43, '2025-06-01', 'Present', 4, '');
INSERT INTO attendance (id, studentid, date, status, markedbyteacherid, remarks) VALUES (212, 43, '2025-06-02', 'Absent', 6, '');
INSERT INTO attendance (id, studentid, date, status, markedbyteacherid, remarks) VALUES (213, 43, '2025-06-03', 'Absent', 11, '');
INSERT INTO attendance (id, studentid, date, status, markedbyteacherid, remarks) VALUES (214, 43, '2025-06-04', 'Present', 10, '');
INSERT INTO attendance (id, studentid, date, status, markedbyteacherid, remarks) VALUES (215, 43, '2025-06-05', 'Present', 3, '');
INSERT INTO attendance (id, studentid, date, status, markedbyteacherid, remarks) VALUES (216, 44, '2025-06-01', 'Present', 6, '');
INSERT INTO attendance (id, studentid, date, status, markedbyteacherid, remarks) VALUES (217, 44, '2025-06-02', 'Present', 8, '');
INSERT INTO attendance (id, studentid, date, status, markedbyteacherid, remarks) VALUES (218, 44, '2025-06-03', 'Present', 21, '');
INSERT INTO attendance (id, studentid, date, status, markedbyteacherid, remarks) VALUES (219, 44, '2025-06-04', 'Present', 17, '');
INSERT INTO attendance (id, studentid, date, status, markedbyteacherid, remarks) VALUES (220, 44, '2025-06-05', 'Present', 22, '');
INSERT INTO attendance (id, studentid, date, status, markedbyteacherid, remarks) VALUES (221, 45, '2025-06-01', 'Present', 4, '');
INSERT INTO attendance (id, studentid, date, status, markedbyteacherid, remarks) VALUES (222, 45, '2025-06-02', 'Absent', 6, '');
INSERT INTO attendance (id, studentid, date, status, markedbyteacherid, remarks) VALUES (223, 45, '2025-06-03', 'Absent', 20, '');
INSERT INTO attendance (id, studentid, date, status, markedbyteacherid, remarks) VALUES (224, 45, '2025-06-04', 'Present', 9, '');
INSERT INTO attendance (id, studentid, date, status, markedbyteacherid, remarks) VALUES (225, 45, '2025-06-05', 'Present', 2, '');
INSERT INTO attendance (id, studentid, date, status, markedbyteacherid, remarks) VALUES (226, 46, '2025-06-01', 'Present', 12, '');
INSERT INTO attendance (id, studentid, date, status, markedbyteacherid, remarks) VALUES (227, 46, '2025-06-02', 'Present', 25, '');
INSERT INTO attendance (id, studentid, date, status, markedbyteacherid, remarks) VALUES (228, 46, '2025-06-03', 'Present', 24, '');
INSERT INTO attendance (id, studentid, date, status, markedbyteacherid, remarks) VALUES (229, 46, '2025-06-04', 'Present', 2, '');
INSERT INTO attendance (id, studentid, date, status, markedbyteacherid, remarks) VALUES (230, 46, '2025-06-05', 'Present', 18, '');
INSERT INTO attendance (id, studentid, date, status, markedbyteacherid, remarks) VALUES (231, 47, '2025-06-01', 'Present', 10, '');
INSERT INTO attendance (id, studentid, date, status, markedbyteacherid, remarks) VALUES (232, 47, '2025-06-02', 'Absent', 24, '');
INSERT INTO attendance (id, studentid, date, status, markedbyteacherid, remarks) VALUES (233, 47, '2025-06-03', 'Present', 17, '');
INSERT INTO attendance (id, studentid, date, status, markedbyteacherid, remarks) VALUES (234, 47, '2025-06-04', 'Present', 23, '');
INSERT INTO attendance (id, studentid, date, status, markedbyteacherid, remarks) VALUES (235, 47, '2025-06-05', 'Present', 19, '');
INSERT INTO attendance (id, studentid, date, status, markedbyteacherid, remarks) VALUES (236, 48, '2025-06-01', 'Present', 1, '');
INSERT INTO attendance (id, studentid, date, status, markedbyteacherid, remarks) VALUES (237, 48, '2025-06-02', 'Absent', 8, '');
INSERT INTO attendance (id, studentid, date, status, markedbyteacherid, remarks) VALUES (238, 48, '2025-06-03', 'Absent', 9, '');
INSERT INTO attendance (id, studentid, date, status, markedbyteacherid, remarks) VALUES (239, 48, '2025-06-04', 'Absent', 4, '');
INSERT INTO attendance (id, studentid, date, status, markedbyteacherid, remarks) VALUES (240, 48, '2025-06-05', 'Absent', 25, '');
INSERT INTO attendance (id, studentid, date, status, markedbyteacherid, remarks) VALUES (241, 49, '2025-06-01', 'Present', 18, '');
INSERT INTO attendance (id, studentid, date, status, markedbyteacherid, remarks) VALUES (242, 49, '2025-06-02', 'Present', 2, '');
INSERT INTO attendance (id, studentid, date, status, markedbyteacherid, remarks) VALUES (243, 49, '2025-06-03', 'Present', 21, '');
INSERT INTO attendance (id, studentid, date, status, markedbyteacherid, remarks) VALUES (244, 49, '2025-06-04', 'Absent', 3, '');
INSERT INTO attendance (id, studentid, date, status, markedbyteacherid, remarks) VALUES (245, 49, '2025-06-05', 'Absent', 10, '');
INSERT INTO attendance (id, studentid, date, status, markedbyteacherid, remarks) VALUES (246, 50, '2025-06-01', 'Absent', 15, '');
INSERT INTO attendance (id, studentid, date, status, markedbyteacherid, remarks) VALUES (247, 50, '2025-06-02', 'Absent', 25, '');
INSERT INTO attendance (id, studentid, date, status, markedbyteacherid, remarks) VALUES (248, 50, '2025-06-03', 'Present', 17, '');
INSERT INTO attendance (id, studentid, date, status, markedbyteacherid, remarks) VALUES (249, 50, '2025-06-04', 'Absent', 1, '');
INSERT INTO attendance (id, studentid, date, status, markedbyteacherid, remarks) VALUES (250, 50, '2025-06-05', 'Present', 22, '');

-- Staff Attendances
INSERT INTO "Staffattendances" ("Id", "Userid", "Date", "Status", "Attendancetype", "Remarks") VALUES (1, 107, '2025-06-01', 'Present', 'FullDay', '');
INSERT INTO "Staffattendances" ("Id", "Userid", "Date", "Status", "Attendancetype", "Remarks") VALUES (2, 107, '2025-06-02', 'Present', 'FullDay', '');
INSERT INTO "Staffattendances" ("Id", "Userid", "Date", "Status", "Attendancetype", "Remarks") VALUES (3, 107, '2025-06-03', 'Absent', 'FullDay', '');
INSERT INTO "Staffattendances" ("Id", "Userid", "Date", "Status", "Attendancetype", "Remarks") VALUES (4, 107, '2025-06-04', 'Present', 'FullDay', '');
INSERT INTO "Staffattendances" ("Id", "Userid", "Date", "Status", "Attendancetype", "Remarks") VALUES (5, 107, '2025-06-05', 'Present', 'FullDay', '');
INSERT INTO "Staffattendances" ("Id", "Userid", "Date", "Status", "Attendancetype", "Remarks") VALUES (6, 108, '2025-06-01', 'Present', 'FullDay', '');
INSERT INTO "Staffattendances" ("Id", "Userid", "Date", "Status", "Attendancetype", "Remarks") VALUES (7, 108, '2025-06-02', 'Present', 'FullDay', '');
INSERT INTO "Staffattendances" ("Id", "Userid", "Date", "Status", "Attendancetype", "Remarks") VALUES (8, 108, '2025-06-03', 'Present', 'FullDay', '');
INSERT INTO "Staffattendances" ("Id", "Userid", "Date", "Status", "Attendancetype", "Remarks") VALUES (9, 108, '2025-06-04', 'Present', 'FullDay', '');
INSERT INTO "Staffattendances" ("Id", "Userid", "Date", "Status", "Attendancetype", "Remarks") VALUES (10, 108, '2025-06-05', 'Present', 'FullDay', '');
INSERT INTO "Staffattendances" ("Id", "Userid", "Date", "Status", "Attendancetype", "Remarks") VALUES (11, 109, '2025-06-01', 'Present', 'FullDay', '');
INSERT INTO "Staffattendances" ("Id", "Userid", "Date", "Status", "Attendancetype", "Remarks") VALUES (12, 109, '2025-06-02', 'Present', 'FullDay', '');
INSERT INTO "Staffattendances" ("Id", "Userid", "Date", "Status", "Attendancetype", "Remarks") VALUES (13, 109, '2025-06-03', 'Present', 'FullDay', '');
INSERT INTO "Staffattendances" ("Id", "Userid", "Date", "Status", "Attendancetype", "Remarks") VALUES (14, 109, '2025-06-04', 'Present', 'FullDay', '');
INSERT INTO "Staffattendances" ("Id", "Userid", "Date", "Status", "Attendancetype", "Remarks") VALUES (15, 109, '2025-06-05', 'Present', 'FullDay', '');
INSERT INTO "Staffattendances" ("Id", "Userid", "Date", "Status", "Attendancetype", "Remarks") VALUES (16, 110, '2025-06-01', 'Absent', 'FullDay', '');
INSERT INTO "Staffattendances" ("Id", "Userid", "Date", "Status", "Attendancetype", "Remarks") VALUES (17, 110, '2025-06-02', 'Present', 'FullDay', '');
INSERT INTO "Staffattendances" ("Id", "Userid", "Date", "Status", "Attendancetype", "Remarks") VALUES (18, 110, '2025-06-03', 'Present', 'FullDay', '');
INSERT INTO "Staffattendances" ("Id", "Userid", "Date", "Status", "Attendancetype", "Remarks") VALUES (19, 110, '2025-06-04', 'Present', 'FullDay', '');
INSERT INTO "Staffattendances" ("Id", "Userid", "Date", "Status", "Attendancetype", "Remarks") VALUES (20, 110, '2025-06-05', 'Present', 'FullDay', '');
INSERT INTO "Staffattendances" ("Id", "Userid", "Date", "Status", "Attendancetype", "Remarks") VALUES (21, 111, '2025-06-01', 'Present', 'FullDay', '');
INSERT INTO "Staffattendances" ("Id", "Userid", "Date", "Status", "Attendancetype", "Remarks") VALUES (22, 111, '2025-06-02', 'Present', 'FullDay', '');
INSERT INTO "Staffattendances" ("Id", "Userid", "Date", "Status", "Attendancetype", "Remarks") VALUES (23, 111, '2025-06-03', 'Absent', 'FullDay', '');
INSERT INTO "Staffattendances" ("Id", "Userid", "Date", "Status", "Attendancetype", "Remarks") VALUES (24, 111, '2025-06-04', 'Absent', 'FullDay', '');
INSERT INTO "Staffattendances" ("Id", "Userid", "Date", "Status", "Attendancetype", "Remarks") VALUES (25, 111, '2025-06-05', 'Absent', 'FullDay', '');
INSERT INTO "Staffattendances" ("Id", "Userid", "Date", "Status", "Attendancetype", "Remarks") VALUES (26, 112, '2025-06-01', 'Present', 'FullDay', '');
INSERT INTO "Staffattendances" ("Id", "Userid", "Date", "Status", "Attendancetype", "Remarks") VALUES (27, 112, '2025-06-02', 'Present', 'FullDay', '');
INSERT INTO "Staffattendances" ("Id", "Userid", "Date", "Status", "Attendancetype", "Remarks") VALUES (28, 112, '2025-06-03', 'Present', 'FullDay', '');
INSERT INTO "Staffattendances" ("Id", "Userid", "Date", "Status", "Attendancetype", "Remarks") VALUES (29, 112, '2025-06-04', 'Present', 'FullDay', '');
INSERT INTO "Staffattendances" ("Id", "Userid", "Date", "Status", "Attendancetype", "Remarks") VALUES (30, 112, '2025-06-05', 'Absent', 'FullDay', '');
INSERT INTO "Staffattendances" ("Id", "Userid", "Date", "Status", "Attendancetype", "Remarks") VALUES (31, 113, '2025-06-01', 'Absent', 'FullDay', '');
INSERT INTO "Staffattendances" ("Id", "Userid", "Date", "Status", "Attendancetype", "Remarks") VALUES (32, 113, '2025-06-02', 'Present', 'FullDay', '');
INSERT INTO "Staffattendances" ("Id", "Userid", "Date", "Status", "Attendancetype", "Remarks") VALUES (33, 113, '2025-06-03', 'Present', 'FullDay', '');
INSERT INTO "Staffattendances" ("Id", "Userid", "Date", "Status", "Attendancetype", "Remarks") VALUES (34, 113, '2025-06-04', 'Absent', 'FullDay', '');
INSERT INTO "Staffattendances" ("Id", "Userid", "Date", "Status", "Attendancetype", "Remarks") VALUES (35, 113, '2025-06-05', 'Present', 'FullDay', '');
INSERT INTO "Staffattendances" ("Id", "Userid", "Date", "Status", "Attendancetype", "Remarks") VALUES (36, 114, '2025-06-01', 'Present', 'FullDay', '');
INSERT INTO "Staffattendances" ("Id", "Userid", "Date", "Status", "Attendancetype", "Remarks") VALUES (37, 114, '2025-06-02', 'Present', 'FullDay', '');
INSERT INTO "Staffattendances" ("Id", "Userid", "Date", "Status", "Attendancetype", "Remarks") VALUES (38, 114, '2025-06-03', 'Present', 'FullDay', '');
INSERT INTO "Staffattendances" ("Id", "Userid", "Date", "Status", "Attendancetype", "Remarks") VALUES (39, 114, '2025-06-04', 'Present', 'FullDay', '');
INSERT INTO "Staffattendances" ("Id", "Userid", "Date", "Status", "Attendancetype", "Remarks") VALUES (40, 114, '2025-06-05', 'Present', 'FullDay', '');
INSERT INTO "Staffattendances" ("Id", "Userid", "Date", "Status", "Attendancetype", "Remarks") VALUES (41, 115, '2025-06-01', 'Present', 'FullDay', '');
INSERT INTO "Staffattendances" ("Id", "Userid", "Date", "Status", "Attendancetype", "Remarks") VALUES (42, 115, '2025-06-02', 'Absent', 'FullDay', '');
INSERT INTO "Staffattendances" ("Id", "Userid", "Date", "Status", "Attendancetype", "Remarks") VALUES (43, 115, '2025-06-03', 'Present', 'FullDay', '');
INSERT INTO "Staffattendances" ("Id", "Userid", "Date", "Status", "Attendancetype", "Remarks") VALUES (44, 115, '2025-06-04', 'Present', 'FullDay', '');
INSERT INTO "Staffattendances" ("Id", "Userid", "Date", "Status", "Attendancetype", "Remarks") VALUES (45, 115, '2025-06-05', 'Present', 'FullDay', '');
INSERT INTO "Staffattendances" ("Id", "Userid", "Date", "Status", "Attendancetype", "Remarks") VALUES (46, 116, '2025-06-01', 'Present', 'FullDay', '');
INSERT INTO "Staffattendances" ("Id", "Userid", "Date", "Status", "Attendancetype", "Remarks") VALUES (47, 116, '2025-06-02', 'Present', 'FullDay', '');
INSERT INTO "Staffattendances" ("Id", "Userid", "Date", "Status", "Attendancetype", "Remarks") VALUES (48, 116, '2025-06-03', 'Present', 'FullDay', '');
INSERT INTO "Staffattendances" ("Id", "Userid", "Date", "Status", "Attendancetype", "Remarks") VALUES (49, 116, '2025-06-04', 'Present', 'FullDay', '');
INSERT INTO "Staffattendances" ("Id", "Userid", "Date", "Status", "Attendancetype", "Remarks") VALUES (50, 116, '2025-06-05', 'Present', 'FullDay', '');
INSERT INTO "Staffattendances" ("Id", "Userid", "Date", "Status", "Attendancetype", "Remarks") VALUES (51, 117, '2025-06-01', 'Absent', 'FullDay', '');
INSERT INTO "Staffattendances" ("Id", "Userid", "Date", "Status", "Attendancetype", "Remarks") VALUES (52, 117, '2025-06-02', 'Absent', 'FullDay', '');
INSERT INTO "Staffattendances" ("Id", "Userid", "Date", "Status", "Attendancetype", "Remarks") VALUES (53, 117, '2025-06-03', 'Present', 'FullDay', '');
INSERT INTO "Staffattendances" ("Id", "Userid", "Date", "Status", "Attendancetype", "Remarks") VALUES (54, 117, '2025-06-04', 'Present', 'FullDay', '');
INSERT INTO "Staffattendances" ("Id", "Userid", "Date", "Status", "Attendancetype", "Remarks") VALUES (55, 117, '2025-06-05', 'Present', 'FullDay', '');
INSERT INTO "Staffattendances" ("Id", "Userid", "Date", "Status", "Attendancetype", "Remarks") VALUES (56, 118, '2025-06-01', 'Absent', 'FullDay', '');
INSERT INTO "Staffattendances" ("Id", "Userid", "Date", "Status", "Attendancetype", "Remarks") VALUES (57, 118, '2025-06-02', 'Present', 'FullDay', '');
INSERT INTO "Staffattendances" ("Id", "Userid", "Date", "Status", "Attendancetype", "Remarks") VALUES (58, 118, '2025-06-03', 'Present', 'FullDay', '');
INSERT INTO "Staffattendances" ("Id", "Userid", "Date", "Status", "Attendancetype", "Remarks") VALUES (59, 118, '2025-06-04', 'Present', 'FullDay', '');
INSERT INTO "Staffattendances" ("Id", "Userid", "Date", "Status", "Attendancetype", "Remarks") VALUES (60, 118, '2025-06-05', 'Present', 'FullDay', '');
INSERT INTO "Staffattendances" ("Id", "Userid", "Date", "Status", "Attendancetype", "Remarks") VALUES (61, 119, '2025-06-01', 'Present', 'FullDay', '');
INSERT INTO "Staffattendances" ("Id", "Userid", "Date", "Status", "Attendancetype", "Remarks") VALUES (62, 119, '2025-06-02', 'Present', 'FullDay', '');
INSERT INTO "Staffattendances" ("Id", "Userid", "Date", "Status", "Attendancetype", "Remarks") VALUES (63, 119, '2025-06-03', 'Absent', 'FullDay', '');
INSERT INTO "Staffattendances" ("Id", "Userid", "Date", "Status", "Attendancetype", "Remarks") VALUES (64, 119, '2025-06-04', 'Present', 'FullDay', '');
INSERT INTO "Staffattendances" ("Id", "Userid", "Date", "Status", "Attendancetype", "Remarks") VALUES (65, 119, '2025-06-05', 'Present', 'FullDay', '');
INSERT INTO "Staffattendances" ("Id", "Userid", "Date", "Status", "Attendancetype", "Remarks") VALUES (66, 120, '2025-06-01', 'Present', 'FullDay', '');
INSERT INTO "Staffattendances" ("Id", "Userid", "Date", "Status", "Attendancetype", "Remarks") VALUES (67, 120, '2025-06-02', 'Absent', 'FullDay', '');
INSERT INTO "Staffattendances" ("Id", "Userid", "Date", "Status", "Attendancetype", "Remarks") VALUES (68, 120, '2025-06-03', 'Present', 'FullDay', '');
INSERT INTO "Staffattendances" ("Id", "Userid", "Date", "Status", "Attendancetype", "Remarks") VALUES (69, 120, '2025-06-04', 'Absent', 'FullDay', '');
INSERT INTO "Staffattendances" ("Id", "Userid", "Date", "Status", "Attendancetype", "Remarks") VALUES (70, 120, '2025-06-05', 'Absent', 'FullDay', '');
INSERT INTO "Staffattendances" ("Id", "Userid", "Date", "Status", "Attendancetype", "Remarks") VALUES (71, 121, '2025-06-01', 'Present', 'FullDay', '');
INSERT INTO "Staffattendances" ("Id", "Userid", "Date", "Status", "Attendancetype", "Remarks") VALUES (72, 121, '2025-06-02', 'Absent', 'FullDay', '');
INSERT INTO "Staffattendances" ("Id", "Userid", "Date", "Status", "Attendancetype", "Remarks") VALUES (73, 121, '2025-06-03', 'Present', 'FullDay', '');
INSERT INTO "Staffattendances" ("Id", "Userid", "Date", "Status", "Attendancetype", "Remarks") VALUES (74, 121, '2025-06-04', 'Present', 'FullDay', '');
INSERT INTO "Staffattendances" ("Id", "Userid", "Date", "Status", "Attendancetype", "Remarks") VALUES (75, 121, '2025-06-05', 'Present', 'FullDay', '');
INSERT INTO "Staffattendances" ("Id", "Userid", "Date", "Status", "Attendancetype", "Remarks") VALUES (76, 122, '2025-06-01', 'Present', 'FullDay', '');
INSERT INTO "Staffattendances" ("Id", "Userid", "Date", "Status", "Attendancetype", "Remarks") VALUES (77, 122, '2025-06-02', 'Present', 'FullDay', '');
INSERT INTO "Staffattendances" ("Id", "Userid", "Date", "Status", "Attendancetype", "Remarks") VALUES (78, 122, '2025-06-03', 'Present', 'FullDay', '');
INSERT INTO "Staffattendances" ("Id", "Userid", "Date", "Status", "Attendancetype", "Remarks") VALUES (79, 122, '2025-06-04', 'Absent', 'FullDay', '');
INSERT INTO "Staffattendances" ("Id", "Userid", "Date", "Status", "Attendancetype", "Remarks") VALUES (80, 122, '2025-06-05', 'Absent', 'FullDay', '');
INSERT INTO "Staffattendances" ("Id", "Userid", "Date", "Status", "Attendancetype", "Remarks") VALUES (81, 123, '2025-06-01', 'Absent', 'FullDay', '');
INSERT INTO "Staffattendances" ("Id", "Userid", "Date", "Status", "Attendancetype", "Remarks") VALUES (82, 123, '2025-06-02', 'Present', 'FullDay', '');
INSERT INTO "Staffattendances" ("Id", "Userid", "Date", "Status", "Attendancetype", "Remarks") VALUES (83, 123, '2025-06-03', 'Absent', 'FullDay', '');
INSERT INTO "Staffattendances" ("Id", "Userid", "Date", "Status", "Attendancetype", "Remarks") VALUES (84, 123, '2025-06-04', 'Present', 'FullDay', '');
INSERT INTO "Staffattendances" ("Id", "Userid", "Date", "Status", "Attendancetype", "Remarks") VALUES (85, 123, '2025-06-05', 'Present', 'FullDay', '');
INSERT INTO "Staffattendances" ("Id", "Userid", "Date", "Status", "Attendancetype", "Remarks") VALUES (86, 124, '2025-06-01', 'Present', 'FullDay', '');
INSERT INTO "Staffattendances" ("Id", "Userid", "Date", "Status", "Attendancetype", "Remarks") VALUES (87, 124, '2025-06-02', 'Absent', 'FullDay', '');
INSERT INTO "Staffattendances" ("Id", "Userid", "Date", "Status", "Attendancetype", "Remarks") VALUES (88, 124, '2025-06-03', 'Present', 'FullDay', '');
INSERT INTO "Staffattendances" ("Id", "Userid", "Date", "Status", "Attendancetype", "Remarks") VALUES (89, 124, '2025-06-04', 'Present', 'FullDay', '');
INSERT INTO "Staffattendances" ("Id", "Userid", "Date", "Status", "Attendancetype", "Remarks") VALUES (90, 124, '2025-06-05', 'Present', 'FullDay', '');
INSERT INTO "Staffattendances" ("Id", "Userid", "Date", "Status", "Attendancetype", "Remarks") VALUES (91, 125, '2025-06-01', 'Present', 'FullDay', '');
INSERT INTO "Staffattendances" ("Id", "Userid", "Date", "Status", "Attendancetype", "Remarks") VALUES (92, 125, '2025-06-02', 'Present', 'FullDay', '');
INSERT INTO "Staffattendances" ("Id", "Userid", "Date", "Status", "Attendancetype", "Remarks") VALUES (93, 125, '2025-06-03', 'Present', 'FullDay', '');
INSERT INTO "Staffattendances" ("Id", "Userid", "Date", "Status", "Attendancetype", "Remarks") VALUES (94, 125, '2025-06-04', 'Absent', 'FullDay', '');
INSERT INTO "Staffattendances" ("Id", "Userid", "Date", "Status", "Attendancetype", "Remarks") VALUES (95, 125, '2025-06-05', 'Present', 'FullDay', '');
INSERT INTO "Staffattendances" ("Id", "Userid", "Date", "Status", "Attendancetype", "Remarks") VALUES (96, 126, '2025-06-01', 'Present', 'FullDay', '');
INSERT INTO "Staffattendances" ("Id", "Userid", "Date", "Status", "Attendancetype", "Remarks") VALUES (97, 126, '2025-06-02', 'Absent', 'FullDay', '');
INSERT INTO "Staffattendances" ("Id", "Userid", "Date", "Status", "Attendancetype", "Remarks") VALUES (98, 126, '2025-06-03', 'Present', 'FullDay', '');
INSERT INTO "Staffattendances" ("Id", "Userid", "Date", "Status", "Attendancetype", "Remarks") VALUES (99, 126, '2025-06-04', 'Present', 'FullDay', '');
INSERT INTO "Staffattendances" ("Id", "Userid", "Date", "Status", "Attendancetype", "Remarks") VALUES (100, 126, '2025-06-05', 'Present', 'FullDay', '');
INSERT INTO "Staffattendances" ("Id", "Userid", "Date", "Status", "Attendancetype", "Remarks") VALUES (101, 2, '2025-06-01', 'Present', 'FullDay', '');
INSERT INTO "Staffattendances" ("Id", "Userid", "Date", "Status", "Attendancetype", "Remarks") VALUES (102, 2, '2025-06-02', 'Present', 'FullDay', '');
INSERT INTO "Staffattendances" ("Id", "Userid", "Date", "Status", "Attendancetype", "Remarks") VALUES (103, 2, '2025-06-03', 'Present', 'FullDay', '');
INSERT INTO "Staffattendances" ("Id", "Userid", "Date", "Status", "Attendancetype", "Remarks") VALUES (104, 2, '2025-06-04', 'Present', 'FullDay', '');
INSERT INTO "Staffattendances" ("Id", "Userid", "Date", "Status", "Attendancetype", "Remarks") VALUES (105, 2, '2025-06-05', 'Present', 'FullDay', '');
INSERT INTO "Staffattendances" ("Id", "Userid", "Date", "Status", "Attendancetype", "Remarks") VALUES (106, 3, '2025-06-01', 'Absent', 'FullDay', '');
INSERT INTO "Staffattendances" ("Id", "Userid", "Date", "Status", "Attendancetype", "Remarks") VALUES (107, 3, '2025-06-02', 'Present', 'FullDay', '');
INSERT INTO "Staffattendances" ("Id", "Userid", "Date", "Status", "Attendancetype", "Remarks") VALUES (108, 3, '2025-06-03', 'Present', 'FullDay', '');
INSERT INTO "Staffattendances" ("Id", "Userid", "Date", "Status", "Attendancetype", "Remarks") VALUES (109, 3, '2025-06-04', 'Present', 'FullDay', '');
INSERT INTO "Staffattendances" ("Id", "Userid", "Date", "Status", "Attendancetype", "Remarks") VALUES (110, 3, '2025-06-05', 'Present', 'FullDay', '');
INSERT INTO "Staffattendances" ("Id", "Userid", "Date", "Status", "Attendancetype", "Remarks") VALUES (111, 4, '2025-06-01', 'Absent', 'FullDay', '');
INSERT INTO "Staffattendances" ("Id", "Userid", "Date", "Status", "Attendancetype", "Remarks") VALUES (112, 4, '2025-06-02', 'Present', 'FullDay', '');
INSERT INTO "Staffattendances" ("Id", "Userid", "Date", "Status", "Attendancetype", "Remarks") VALUES (113, 4, '2025-06-03', 'Present', 'FullDay', '');
INSERT INTO "Staffattendances" ("Id", "Userid", "Date", "Status", "Attendancetype", "Remarks") VALUES (114, 4, '2025-06-04', 'Present', 'FullDay', '');
INSERT INTO "Staffattendances" ("Id", "Userid", "Date", "Status", "Attendancetype", "Remarks") VALUES (115, 4, '2025-06-05', 'Present', 'FullDay', '');
INSERT INTO "Staffattendances" ("Id", "Userid", "Date", "Status", "Attendancetype", "Remarks") VALUES (116, 5, '2025-06-01', 'Absent', 'FullDay', '');
INSERT INTO "Staffattendances" ("Id", "Userid", "Date", "Status", "Attendancetype", "Remarks") VALUES (117, 5, '2025-06-02', 'Present', 'FullDay', '');
INSERT INTO "Staffattendances" ("Id", "Userid", "Date", "Status", "Attendancetype", "Remarks") VALUES (118, 5, '2025-06-03', 'Present', 'FullDay', '');
INSERT INTO "Staffattendances" ("Id", "Userid", "Date", "Status", "Attendancetype", "Remarks") VALUES (119, 5, '2025-06-04', 'Present', 'FullDay', '');
INSERT INTO "Staffattendances" ("Id", "Userid", "Date", "Status", "Attendancetype", "Remarks") VALUES (120, 5, '2025-06-05', 'Present', 'FullDay', '');
INSERT INTO "Staffattendances" ("Id", "Userid", "Date", "Status", "Attendancetype", "Remarks") VALUES (121, 6, '2025-06-01', 'Present', 'FullDay', '');
INSERT INTO "Staffattendances" ("Id", "Userid", "Date", "Status", "Attendancetype", "Remarks") VALUES (122, 6, '2025-06-02', 'Present', 'FullDay', '');
INSERT INTO "Staffattendances" ("Id", "Userid", "Date", "Status", "Attendancetype", "Remarks") VALUES (123, 6, '2025-06-03', 'Present', 'FullDay', '');
INSERT INTO "Staffattendances" ("Id", "Userid", "Date", "Status", "Attendancetype", "Remarks") VALUES (124, 6, '2025-06-04', 'Absent', 'FullDay', '');
INSERT INTO "Staffattendances" ("Id", "Userid", "Date", "Status", "Attendancetype", "Remarks") VALUES (125, 6, '2025-06-05', 'Present', 'FullDay', '');
INSERT INTO "Staffattendances" ("Id", "Userid", "Date", "Status", "Attendancetype", "Remarks") VALUES (126, 7, '2025-06-01', 'Present', 'FullDay', '');
INSERT INTO "Staffattendances" ("Id", "Userid", "Date", "Status", "Attendancetype", "Remarks") VALUES (127, 7, '2025-06-02', 'Present', 'FullDay', '');
INSERT INTO "Staffattendances" ("Id", "Userid", "Date", "Status", "Attendancetype", "Remarks") VALUES (128, 7, '2025-06-03', 'Absent', 'FullDay', '');
INSERT INTO "Staffattendances" ("Id", "Userid", "Date", "Status", "Attendancetype", "Remarks") VALUES (129, 7, '2025-06-04', 'Present', 'FullDay', '');
INSERT INTO "Staffattendances" ("Id", "Userid", "Date", "Status", "Attendancetype", "Remarks") VALUES (130, 7, '2025-06-05', 'Present', 'FullDay', '');
INSERT INTO "Staffattendances" ("Id", "Userid", "Date", "Status", "Attendancetype", "Remarks") VALUES (131, 8, '2025-06-01', 'Absent', 'FullDay', '');
INSERT INTO "Staffattendances" ("Id", "Userid", "Date", "Status", "Attendancetype", "Remarks") VALUES (132, 8, '2025-06-02', 'Present', 'FullDay', '');
INSERT INTO "Staffattendances" ("Id", "Userid", "Date", "Status", "Attendancetype", "Remarks") VALUES (133, 8, '2025-06-03', 'Absent', 'FullDay', '');
INSERT INTO "Staffattendances" ("Id", "Userid", "Date", "Status", "Attendancetype", "Remarks") VALUES (134, 8, '2025-06-04', 'Present', 'FullDay', '');
INSERT INTO "Staffattendances" ("Id", "Userid", "Date", "Status", "Attendancetype", "Remarks") VALUES (135, 8, '2025-06-05', 'Present', 'FullDay', '');
INSERT INTO "Staffattendances" ("Id", "Userid", "Date", "Status", "Attendancetype", "Remarks") VALUES (136, 9, '2025-06-01', 'Absent', 'FullDay', '');
INSERT INTO "Staffattendances" ("Id", "Userid", "Date", "Status", "Attendancetype", "Remarks") VALUES (137, 9, '2025-06-02', 'Present', 'FullDay', '');
INSERT INTO "Staffattendances" ("Id", "Userid", "Date", "Status", "Attendancetype", "Remarks") VALUES (138, 9, '2025-06-03', 'Present', 'FullDay', '');
INSERT INTO "Staffattendances" ("Id", "Userid", "Date", "Status", "Attendancetype", "Remarks") VALUES (139, 9, '2025-06-04', 'Present', 'FullDay', '');
INSERT INTO "Staffattendances" ("Id", "Userid", "Date", "Status", "Attendancetype", "Remarks") VALUES (140, 9, '2025-06-05', 'Absent', 'FullDay', '');
INSERT INTO "Staffattendances" ("Id", "Userid", "Date", "Status", "Attendancetype", "Remarks") VALUES (141, 10, '2025-06-01', 'Present', 'FullDay', '');
INSERT INTO "Staffattendances" ("Id", "Userid", "Date", "Status", "Attendancetype", "Remarks") VALUES (142, 10, '2025-06-02', 'Present', 'FullDay', '');
INSERT INTO "Staffattendances" ("Id", "Userid", "Date", "Status", "Attendancetype", "Remarks") VALUES (143, 10, '2025-06-03', 'Present', 'FullDay', '');
INSERT INTO "Staffattendances" ("Id", "Userid", "Date", "Status", "Attendancetype", "Remarks") VALUES (144, 10, '2025-06-04', 'Present', 'FullDay', '');
INSERT INTO "Staffattendances" ("Id", "Userid", "Date", "Status", "Attendancetype", "Remarks") VALUES (145, 10, '2025-06-05', 'Absent', 'FullDay', '');
INSERT INTO "Staffattendances" ("Id", "Userid", "Date", "Status", "Attendancetype", "Remarks") VALUES (146, 11, '2025-06-01', 'Absent', 'FullDay', '');
INSERT INTO "Staffattendances" ("Id", "Userid", "Date", "Status", "Attendancetype", "Remarks") VALUES (147, 11, '2025-06-02', 'Present', 'FullDay', '');
INSERT INTO "Staffattendances" ("Id", "Userid", "Date", "Status", "Attendancetype", "Remarks") VALUES (148, 11, '2025-06-03', 'Present', 'FullDay', '');
INSERT INTO "Staffattendances" ("Id", "Userid", "Date", "Status", "Attendancetype", "Remarks") VALUES (149, 11, '2025-06-04', 'Present', 'FullDay', '');
INSERT INTO "Staffattendances" ("Id", "Userid", "Date", "Status", "Attendancetype", "Remarks") VALUES (150, 11, '2025-06-05', 'Present', 'FullDay', '');
INSERT INTO "Staffattendances" ("Id", "Userid", "Date", "Status", "Attendancetype", "Remarks") VALUES (151, 12, '2025-06-01', 'Present', 'FullDay', '');
INSERT INTO "Staffattendances" ("Id", "Userid", "Date", "Status", "Attendancetype", "Remarks") VALUES (152, 12, '2025-06-02', 'Present', 'FullDay', '');
INSERT INTO "Staffattendances" ("Id", "Userid", "Date", "Status", "Attendancetype", "Remarks") VALUES (153, 12, '2025-06-03', 'Absent', 'FullDay', '');
INSERT INTO "Staffattendances" ("Id", "Userid", "Date", "Status", "Attendancetype", "Remarks") VALUES (154, 12, '2025-06-04', 'Present', 'FullDay', '');
INSERT INTO "Staffattendances" ("Id", "Userid", "Date", "Status", "Attendancetype", "Remarks") VALUES (155, 12, '2025-06-05', 'Absent', 'FullDay', '');
INSERT INTO "Staffattendances" ("Id", "Userid", "Date", "Status", "Attendancetype", "Remarks") VALUES (156, 13, '2025-06-01', 'Absent', 'FullDay', '');
INSERT INTO "Staffattendances" ("Id", "Userid", "Date", "Status", "Attendancetype", "Remarks") VALUES (157, 13, '2025-06-02', 'Present', 'FullDay', '');
INSERT INTO "Staffattendances" ("Id", "Userid", "Date", "Status", "Attendancetype", "Remarks") VALUES (158, 13, '2025-06-03', 'Present', 'FullDay', '');
INSERT INTO "Staffattendances" ("Id", "Userid", "Date", "Status", "Attendancetype", "Remarks") VALUES (159, 13, '2025-06-04', 'Absent', 'FullDay', '');
INSERT INTO "Staffattendances" ("Id", "Userid", "Date", "Status", "Attendancetype", "Remarks") VALUES (160, 13, '2025-06-05', 'Present', 'FullDay', '');
INSERT INTO "Staffattendances" ("Id", "Userid", "Date", "Status", "Attendancetype", "Remarks") VALUES (161, 14, '2025-06-01', 'Present', 'FullDay', '');
INSERT INTO "Staffattendances" ("Id", "Userid", "Date", "Status", "Attendancetype", "Remarks") VALUES (162, 14, '2025-06-02', 'Present', 'FullDay', '');
INSERT INTO "Staffattendances" ("Id", "Userid", "Date", "Status", "Attendancetype", "Remarks") VALUES (163, 14, '2025-06-03', 'Present', 'FullDay', '');
INSERT INTO "Staffattendances" ("Id", "Userid", "Date", "Status", "Attendancetype", "Remarks") VALUES (164, 14, '2025-06-04', 'Present', 'FullDay', '');
INSERT INTO "Staffattendances" ("Id", "Userid", "Date", "Status", "Attendancetype", "Remarks") VALUES (165, 14, '2025-06-05', 'Present', 'FullDay', '');
INSERT INTO "Staffattendances" ("Id", "Userid", "Date", "Status", "Attendancetype", "Remarks") VALUES (166, 15, '2025-06-01', 'Present', 'FullDay', '');
INSERT INTO "Staffattendances" ("Id", "Userid", "Date", "Status", "Attendancetype", "Remarks") VALUES (167, 15, '2025-06-02', 'Present', 'FullDay', '');
INSERT INTO "Staffattendances" ("Id", "Userid", "Date", "Status", "Attendancetype", "Remarks") VALUES (168, 15, '2025-06-03', 'Present', 'FullDay', '');
INSERT INTO "Staffattendances" ("Id", "Userid", "Date", "Status", "Attendancetype", "Remarks") VALUES (169, 15, '2025-06-04', 'Present', 'FullDay', '');
INSERT INTO "Staffattendances" ("Id", "Userid", "Date", "Status", "Attendancetype", "Remarks") VALUES (170, 15, '2025-06-05', 'Absent', 'FullDay', '');
INSERT INTO "Staffattendances" ("Id", "Userid", "Date", "Status", "Attendancetype", "Remarks") VALUES (171, 16, '2025-06-01', 'Present', 'FullDay', '');
INSERT INTO "Staffattendances" ("Id", "Userid", "Date", "Status", "Attendancetype", "Remarks") VALUES (172, 16, '2025-06-02', 'Absent', 'FullDay', '');
INSERT INTO "Staffattendances" ("Id", "Userid", "Date", "Status", "Attendancetype", "Remarks") VALUES (173, 16, '2025-06-03', 'Present', 'FullDay', '');
INSERT INTO "Staffattendances" ("Id", "Userid", "Date", "Status", "Attendancetype", "Remarks") VALUES (174, 16, '2025-06-04', 'Present', 'FullDay', '');
INSERT INTO "Staffattendances" ("Id", "Userid", "Date", "Status", "Attendancetype", "Remarks") VALUES (175, 16, '2025-06-05', 'Present', 'FullDay', '');
INSERT INTO "Staffattendances" ("Id", "Userid", "Date", "Status", "Attendancetype", "Remarks") VALUES (176, 17, '2025-06-01', 'Absent', 'FullDay', '');
INSERT INTO "Staffattendances" ("Id", "Userid", "Date", "Status", "Attendancetype", "Remarks") VALUES (177, 17, '2025-06-02', 'Absent', 'FullDay', '');
INSERT INTO "Staffattendances" ("Id", "Userid", "Date", "Status", "Attendancetype", "Remarks") VALUES (178, 17, '2025-06-03', 'Present', 'FullDay', '');
INSERT INTO "Staffattendances" ("Id", "Userid", "Date", "Status", "Attendancetype", "Remarks") VALUES (179, 17, '2025-06-04', 'Present', 'FullDay', '');
INSERT INTO "Staffattendances" ("Id", "Userid", "Date", "Status", "Attendancetype", "Remarks") VALUES (180, 17, '2025-06-05', 'Present', 'FullDay', '');
INSERT INTO "Staffattendances" ("Id", "Userid", "Date", "Status", "Attendancetype", "Remarks") VALUES (181, 18, '2025-06-01', 'Present', 'FullDay', '');
INSERT INTO "Staffattendances" ("Id", "Userid", "Date", "Status", "Attendancetype", "Remarks") VALUES (182, 18, '2025-06-02', 'Present', 'FullDay', '');
INSERT INTO "Staffattendances" ("Id", "Userid", "Date", "Status", "Attendancetype", "Remarks") VALUES (183, 18, '2025-06-03', 'Present', 'FullDay', '');
INSERT INTO "Staffattendances" ("Id", "Userid", "Date", "Status", "Attendancetype", "Remarks") VALUES (184, 18, '2025-06-04', 'Present', 'FullDay', '');
INSERT INTO "Staffattendances" ("Id", "Userid", "Date", "Status", "Attendancetype", "Remarks") VALUES (185, 18, '2025-06-05', 'Absent', 'FullDay', '');
INSERT INTO "Staffattendances" ("Id", "Userid", "Date", "Status", "Attendancetype", "Remarks") VALUES (186, 19, '2025-06-01', 'Present', 'FullDay', '');
INSERT INTO "Staffattendances" ("Id", "Userid", "Date", "Status", "Attendancetype", "Remarks") VALUES (187, 19, '2025-06-02', 'Absent', 'FullDay', '');
INSERT INTO "Staffattendances" ("Id", "Userid", "Date", "Status", "Attendancetype", "Remarks") VALUES (188, 19, '2025-06-03', 'Present', 'FullDay', '');
INSERT INTO "Staffattendances" ("Id", "Userid", "Date", "Status", "Attendancetype", "Remarks") VALUES (189, 19, '2025-06-04', 'Present', 'FullDay', '');
INSERT INTO "Staffattendances" ("Id", "Userid", "Date", "Status", "Attendancetype", "Remarks") VALUES (190, 19, '2025-06-05', 'Absent', 'FullDay', '');
INSERT INTO "Staffattendances" ("Id", "Userid", "Date", "Status", "Attendancetype", "Remarks") VALUES (191, 20, '2025-06-01', 'Present', 'FullDay', '');
INSERT INTO "Staffattendances" ("Id", "Userid", "Date", "Status", "Attendancetype", "Remarks") VALUES (192, 20, '2025-06-02', 'Absent', 'FullDay', '');
INSERT INTO "Staffattendances" ("Id", "Userid", "Date", "Status", "Attendancetype", "Remarks") VALUES (193, 20, '2025-06-03', 'Present', 'FullDay', '');
INSERT INTO "Staffattendances" ("Id", "Userid", "Date", "Status", "Attendancetype", "Remarks") VALUES (194, 20, '2025-06-04', 'Present', 'FullDay', '');
INSERT INTO "Staffattendances" ("Id", "Userid", "Date", "Status", "Attendancetype", "Remarks") VALUES (195, 20, '2025-06-05', 'Present', 'FullDay', '');
INSERT INTO "Staffattendances" ("Id", "Userid", "Date", "Status", "Attendancetype", "Remarks") VALUES (196, 21, '2025-06-01', 'Present', 'FullDay', '');
INSERT INTO "Staffattendances" ("Id", "Userid", "Date", "Status", "Attendancetype", "Remarks") VALUES (197, 21, '2025-06-02', 'Present', 'FullDay', '');
INSERT INTO "Staffattendances" ("Id", "Userid", "Date", "Status", "Attendancetype", "Remarks") VALUES (198, 21, '2025-06-03', 'Present', 'FullDay', '');
INSERT INTO "Staffattendances" ("Id", "Userid", "Date", "Status", "Attendancetype", "Remarks") VALUES (199, 21, '2025-06-04', 'Present', 'FullDay', '');
INSERT INTO "Staffattendances" ("Id", "Userid", "Date", "Status", "Attendancetype", "Remarks") VALUES (200, 21, '2025-06-05', 'Present', 'FullDay', '');
INSERT INTO "Staffattendances" ("Id", "Userid", "Date", "Status", "Attendancetype", "Remarks") VALUES (201, 22, '2025-06-01', 'Present', 'FullDay', '');
INSERT INTO "Staffattendances" ("Id", "Userid", "Date", "Status", "Attendancetype", "Remarks") VALUES (202, 22, '2025-06-02', 'Present', 'FullDay', '');
INSERT INTO "Staffattendances" ("Id", "Userid", "Date", "Status", "Attendancetype", "Remarks") VALUES (203, 22, '2025-06-03', 'Present', 'FullDay', '');
INSERT INTO "Staffattendances" ("Id", "Userid", "Date", "Status", "Attendancetype", "Remarks") VALUES (204, 22, '2025-06-04', 'Present', 'FullDay', '');
INSERT INTO "Staffattendances" ("Id", "Userid", "Date", "Status", "Attendancetype", "Remarks") VALUES (205, 22, '2025-06-05', 'Present', 'FullDay', '');
INSERT INTO "Staffattendances" ("Id", "Userid", "Date", "Status", "Attendancetype", "Remarks") VALUES (206, 23, '2025-06-01', 'Present', 'FullDay', '');
INSERT INTO "Staffattendances" ("Id", "Userid", "Date", "Status", "Attendancetype", "Remarks") VALUES (207, 23, '2025-06-02', 'Present', 'FullDay', '');
INSERT INTO "Staffattendances" ("Id", "Userid", "Date", "Status", "Attendancetype", "Remarks") VALUES (208, 23, '2025-06-03', 'Absent', 'FullDay', '');
INSERT INTO "Staffattendances" ("Id", "Userid", "Date", "Status", "Attendancetype", "Remarks") VALUES (209, 23, '2025-06-04', 'Absent', 'FullDay', '');
INSERT INTO "Staffattendances" ("Id", "Userid", "Date", "Status", "Attendancetype", "Remarks") VALUES (210, 23, '2025-06-05', 'Present', 'FullDay', '');
INSERT INTO "Staffattendances" ("Id", "Userid", "Date", "Status", "Attendancetype", "Remarks") VALUES (211, 24, '2025-06-01', 'Present', 'FullDay', '');
INSERT INTO "Staffattendances" ("Id", "Userid", "Date", "Status", "Attendancetype", "Remarks") VALUES (212, 24, '2025-06-02', 'Present', 'FullDay', '');
INSERT INTO "Staffattendances" ("Id", "Userid", "Date", "Status", "Attendancetype", "Remarks") VALUES (213, 24, '2025-06-03', 'Present', 'FullDay', '');
INSERT INTO "Staffattendances" ("Id", "Userid", "Date", "Status", "Attendancetype", "Remarks") VALUES (214, 24, '2025-06-04', 'Present', 'FullDay', '');
INSERT INTO "Staffattendances" ("Id", "Userid", "Date", "Status", "Attendancetype", "Remarks") VALUES (215, 24, '2025-06-05', 'Present', 'FullDay', '');
INSERT INTO "Staffattendances" ("Id", "Userid", "Date", "Status", "Attendancetype", "Remarks") VALUES (216, 25, '2025-06-01', 'Present', 'FullDay', '');
INSERT INTO "Staffattendances" ("Id", "Userid", "Date", "Status", "Attendancetype", "Remarks") VALUES (217, 25, '2025-06-02', 'Present', 'FullDay', '');
INSERT INTO "Staffattendances" ("Id", "Userid", "Date", "Status", "Attendancetype", "Remarks") VALUES (218, 25, '2025-06-03', 'Present', 'FullDay', '');
INSERT INTO "Staffattendances" ("Id", "Userid", "Date", "Status", "Attendancetype", "Remarks") VALUES (219, 25, '2025-06-04', 'Absent', 'FullDay', '');
INSERT INTO "Staffattendances" ("Id", "Userid", "Date", "Status", "Attendancetype", "Remarks") VALUES (220, 25, '2025-06-05', 'Absent', 'FullDay', '');
INSERT INTO "Staffattendances" ("Id", "Userid", "Date", "Status", "Attendancetype", "Remarks") VALUES (221, 26, '2025-06-01', 'Present', 'FullDay', '');
INSERT INTO "Staffattendances" ("Id", "Userid", "Date", "Status", "Attendancetype", "Remarks") VALUES (222, 26, '2025-06-02', 'Present', 'FullDay', '');
INSERT INTO "Staffattendances" ("Id", "Userid", "Date", "Status", "Attendancetype", "Remarks") VALUES (223, 26, '2025-06-03', 'Present', 'FullDay', '');
INSERT INTO "Staffattendances" ("Id", "Userid", "Date", "Status", "Attendancetype", "Remarks") VALUES (224, 26, '2025-06-04', 'Present', 'FullDay', '');
INSERT INTO "Staffattendances" ("Id", "Userid", "Date", "Status", "Attendancetype", "Remarks") VALUES (225, 26, '2025-06-05', 'Present', 'FullDay', '');

-- Homework
INSERT INTO homework (id, classid, subjectid, teacherid, title, description, duedate, createdat) VALUES (1, 8, 3, 14, 'Homework 1', 'Do exercises', '2025-06-15', CURRENT_TIMESTAMP);
INSERT INTO homework (id, classid, subjectid, teacherid, title, description, duedate, createdat) VALUES (2, 18, 6, 20, 'Homework 2', 'Do exercises', '2025-06-15', CURRENT_TIMESTAMP);
INSERT INTO homework (id, classid, subjectid, teacherid, title, description, duedate, createdat) VALUES (3, 7, 6, 3, 'Homework 3', 'Do exercises', '2025-06-15', CURRENT_TIMESTAMP);
INSERT INTO homework (id, classid, subjectid, teacherid, title, description, duedate, createdat) VALUES (4, 4, 1, 3, 'Homework 4', 'Do exercises', '2025-06-15', CURRENT_TIMESTAMP);
INSERT INTO homework (id, classid, subjectid, teacherid, title, description, duedate, createdat) VALUES (5, 11, 5, 21, 'Homework 5', 'Do exercises', '2025-06-15', CURRENT_TIMESTAMP);
INSERT INTO homework (id, classid, subjectid, teacherid, title, description, duedate, createdat) VALUES (6, 2, 5, 16, 'Homework 6', 'Do exercises', '2025-06-15', CURRENT_TIMESTAMP);
INSERT INTO homework (id, classid, subjectid, teacherid, title, description, duedate, createdat) VALUES (7, 20, 7, 13, 'Homework 7', 'Do exercises', '2025-06-15', CURRENT_TIMESTAMP);
INSERT INTO homework (id, classid, subjectid, teacherid, title, description, duedate, createdat) VALUES (8, 14, 3, 25, 'Homework 8', 'Do exercises', '2025-06-15', CURRENT_TIMESTAMP);
INSERT INTO homework (id, classid, subjectid, teacherid, title, description, duedate, createdat) VALUES (9, 7, 4, 14, 'Homework 9', 'Do exercises', '2025-06-15', CURRENT_TIMESTAMP);
INSERT INTO homework (id, classid, subjectid, teacherid, title, description, duedate, createdat) VALUES (10, 11, 7, 18, 'Homework 10', 'Do exercises', '2025-06-15', CURRENT_TIMESTAMP);
INSERT INTO homework (id, classid, subjectid, teacherid, title, description, duedate, createdat) VALUES (11, 2, 4, 19, 'Homework 11', 'Do exercises', '2025-06-15', CURRENT_TIMESTAMP);
INSERT INTO homework (id, classid, subjectid, teacherid, title, description, duedate, createdat) VALUES (12, 5, 3, 16, 'Homework 12', 'Do exercises', '2025-06-15', CURRENT_TIMESTAMP);
INSERT INTO homework (id, classid, subjectid, teacherid, title, description, duedate, createdat) VALUES (13, 12, 6, 1, 'Homework 13', 'Do exercises', '2025-06-15', CURRENT_TIMESTAMP);
INSERT INTO homework (id, classid, subjectid, teacherid, title, description, duedate, createdat) VALUES (14, 13, 6, 22, 'Homework 14', 'Do exercises', '2025-06-15', CURRENT_TIMESTAMP);
INSERT INTO homework (id, classid, subjectid, teacherid, title, description, duedate, createdat) VALUES (15, 15, 7, 14, 'Homework 15', 'Do exercises', '2025-06-15', CURRENT_TIMESTAMP);
INSERT INTO homework (id, classid, subjectid, teacherid, title, description, duedate, createdat) VALUES (16, 15, 7, 16, 'Homework 16', 'Do exercises', '2025-06-15', CURRENT_TIMESTAMP);
INSERT INTO homework (id, classid, subjectid, teacherid, title, description, duedate, createdat) VALUES (17, 18, 4, 11, 'Homework 17', 'Do exercises', '2025-06-15', CURRENT_TIMESTAMP);
INSERT INTO homework (id, classid, subjectid, teacherid, title, description, duedate, createdat) VALUES (18, 14, 4, 13, 'Homework 18', 'Do exercises', '2025-06-15', CURRENT_TIMESTAMP);
INSERT INTO homework (id, classid, subjectid, teacherid, title, description, duedate, createdat) VALUES (19, 20, 7, 12, 'Homework 19', 'Do exercises', '2025-06-15', CURRENT_TIMESTAMP);
INSERT INTO homework (id, classid, subjectid, teacherid, title, description, duedate, createdat) VALUES (20, 11, 5, 3, 'Homework 20', 'Do exercises', '2025-06-15', CURRENT_TIMESTAMP);

-- Homework Submissions
INSERT INTO homeworksubmissions (id, homeworkid, studentid, submittedat, marks, verificationstatus) VALUES (1, 1, 1, CURRENT_TIMESTAMP, 9.5, 'Graded');
INSERT INTO homeworksubmissions (id, homeworkid, studentid, submittedat, marks, verificationstatus) VALUES (2, 2, 1, CURRENT_TIMESTAMP, 9.5, 'Graded');
INSERT INTO homeworksubmissions (id, homeworkid, studentid, submittedat, marks, verificationstatus) VALUES (3, 1, 2, CURRENT_TIMESTAMP, 9.5, 'Graded');
INSERT INTO homeworksubmissions (id, homeworkid, studentid, submittedat, marks, verificationstatus) VALUES (4, 2, 2, CURRENT_TIMESTAMP, 9.5, 'Graded');
INSERT INTO homeworksubmissions (id, homeworkid, studentid, submittedat, marks, verificationstatus) VALUES (5, 1, 3, CURRENT_TIMESTAMP, 9.5, 'Graded');
INSERT INTO homeworksubmissions (id, homeworkid, studentid, submittedat, marks, verificationstatus) VALUES (6, 2, 3, CURRENT_TIMESTAMP, 9.5, 'Graded');
INSERT INTO homeworksubmissions (id, homeworkid, studentid, submittedat, marks, verificationstatus) VALUES (7, 1, 4, CURRENT_TIMESTAMP, 9.5, 'Graded');
INSERT INTO homeworksubmissions (id, homeworkid, studentid, submittedat, marks, verificationstatus) VALUES (8, 2, 4, CURRENT_TIMESTAMP, 9.5, 'Graded');
INSERT INTO homeworksubmissions (id, homeworkid, studentid, submittedat, marks, verificationstatus) VALUES (9, 1, 5, CURRENT_TIMESTAMP, 9.5, 'Graded');
INSERT INTO homeworksubmissions (id, homeworkid, studentid, submittedat, marks, verificationstatus) VALUES (10, 2, 5, CURRENT_TIMESTAMP, 9.5, 'Graded');
INSERT INTO homeworksubmissions (id, homeworkid, studentid, submittedat, marks, verificationstatus) VALUES (11, 1, 6, CURRENT_TIMESTAMP, 9.5, 'Graded');
INSERT INTO homeworksubmissions (id, homeworkid, studentid, submittedat, marks, verificationstatus) VALUES (12, 2, 6, CURRENT_TIMESTAMP, 9.5, 'Graded');
INSERT INTO homeworksubmissions (id, homeworkid, studentid, submittedat, marks, verificationstatus) VALUES (13, 1, 7, CURRENT_TIMESTAMP, 9.5, 'Graded');
INSERT INTO homeworksubmissions (id, homeworkid, studentid, submittedat, marks, verificationstatus) VALUES (14, 2, 7, CURRENT_TIMESTAMP, 9.5, 'Graded');
INSERT INTO homeworksubmissions (id, homeworkid, studentid, submittedat, marks, verificationstatus) VALUES (15, 1, 8, CURRENT_TIMESTAMP, 9.5, 'Graded');
INSERT INTO homeworksubmissions (id, homeworkid, studentid, submittedat, marks, verificationstatus) VALUES (16, 2, 8, CURRENT_TIMESTAMP, 9.5, 'Graded');
INSERT INTO homeworksubmissions (id, homeworkid, studentid, submittedat, marks, verificationstatus) VALUES (17, 1, 9, CURRENT_TIMESTAMP, 9.5, 'Graded');
INSERT INTO homeworksubmissions (id, homeworkid, studentid, submittedat, marks, verificationstatus) VALUES (18, 2, 9, CURRENT_TIMESTAMP, 9.5, 'Graded');
INSERT INTO homeworksubmissions (id, homeworkid, studentid, submittedat, marks, verificationstatus) VALUES (19, 1, 10, CURRENT_TIMESTAMP, 9.5, 'Graded');
INSERT INTO homeworksubmissions (id, homeworkid, studentid, submittedat, marks, verificationstatus) VALUES (20, 2, 10, CURRENT_TIMESTAMP, 9.5, 'Graded');
INSERT INTO homeworksubmissions (id, homeworkid, studentid, submittedat, marks, verificationstatus) VALUES (21, 1, 11, CURRENT_TIMESTAMP, 9.5, 'Graded');
INSERT INTO homeworksubmissions (id, homeworkid, studentid, submittedat, marks, verificationstatus) VALUES (22, 2, 11, CURRENT_TIMESTAMP, 9.5, 'Graded');
INSERT INTO homeworksubmissions (id, homeworkid, studentid, submittedat, marks, verificationstatus) VALUES (23, 1, 12, CURRENT_TIMESTAMP, 9.5, 'Graded');
INSERT INTO homeworksubmissions (id, homeworkid, studentid, submittedat, marks, verificationstatus) VALUES (24, 2, 12, CURRENT_TIMESTAMP, 9.5, 'Graded');
INSERT INTO homeworksubmissions (id, homeworkid, studentid, submittedat, marks, verificationstatus) VALUES (25, 1, 13, CURRENT_TIMESTAMP, 9.5, 'Graded');
INSERT INTO homeworksubmissions (id, homeworkid, studentid, submittedat, marks, verificationstatus) VALUES (26, 2, 13, CURRENT_TIMESTAMP, 9.5, 'Graded');
INSERT INTO homeworksubmissions (id, homeworkid, studentid, submittedat, marks, verificationstatus) VALUES (27, 1, 14, CURRENT_TIMESTAMP, 9.5, 'Graded');
INSERT INTO homeworksubmissions (id, homeworkid, studentid, submittedat, marks, verificationstatus) VALUES (28, 2, 14, CURRENT_TIMESTAMP, 9.5, 'Graded');
INSERT INTO homeworksubmissions (id, homeworkid, studentid, submittedat, marks, verificationstatus) VALUES (29, 1, 15, CURRENT_TIMESTAMP, 9.5, 'Graded');
INSERT INTO homeworksubmissions (id, homeworkid, studentid, submittedat, marks, verificationstatus) VALUES (30, 2, 15, CURRENT_TIMESTAMP, 9.5, 'Graded');
INSERT INTO homeworksubmissions (id, homeworkid, studentid, submittedat, marks, verificationstatus) VALUES (31, 1, 16, CURRENT_TIMESTAMP, 9.5, 'Graded');
INSERT INTO homeworksubmissions (id, homeworkid, studentid, submittedat, marks, verificationstatus) VALUES (32, 2, 16, CURRENT_TIMESTAMP, 9.5, 'Graded');
INSERT INTO homeworksubmissions (id, homeworkid, studentid, submittedat, marks, verificationstatus) VALUES (33, 1, 17, CURRENT_TIMESTAMP, 9.5, 'Graded');
INSERT INTO homeworksubmissions (id, homeworkid, studentid, submittedat, marks, verificationstatus) VALUES (34, 2, 17, CURRENT_TIMESTAMP, 9.5, 'Graded');
INSERT INTO homeworksubmissions (id, homeworkid, studentid, submittedat, marks, verificationstatus) VALUES (35, 1, 18, CURRENT_TIMESTAMP, 9.5, 'Graded');
INSERT INTO homeworksubmissions (id, homeworkid, studentid, submittedat, marks, verificationstatus) VALUES (36, 2, 18, CURRENT_TIMESTAMP, 9.5, 'Graded');
INSERT INTO homeworksubmissions (id, homeworkid, studentid, submittedat, marks, verificationstatus) VALUES (37, 1, 19, CURRENT_TIMESTAMP, 9.5, 'Graded');
INSERT INTO homeworksubmissions (id, homeworkid, studentid, submittedat, marks, verificationstatus) VALUES (38, 2, 19, CURRENT_TIMESTAMP, 9.5, 'Graded');
INSERT INTO homeworksubmissions (id, homeworkid, studentid, submittedat, marks, verificationstatus) VALUES (39, 1, 20, CURRENT_TIMESTAMP, 9.5, 'Graded');
INSERT INTO homeworksubmissions (id, homeworkid, studentid, submittedat, marks, verificationstatus) VALUES (40, 2, 20, CURRENT_TIMESTAMP, 9.5, 'Graded');
INSERT INTO homeworksubmissions (id, homeworkid, studentid, submittedat, marks, verificationstatus) VALUES (41, 1, 21, CURRENT_TIMESTAMP, 9.5, 'Graded');
INSERT INTO homeworksubmissions (id, homeworkid, studentid, submittedat, marks, verificationstatus) VALUES (42, 2, 21, CURRENT_TIMESTAMP, 9.5, 'Graded');
INSERT INTO homeworksubmissions (id, homeworkid, studentid, submittedat, marks, verificationstatus) VALUES (43, 1, 22, CURRENT_TIMESTAMP, 9.5, 'Graded');
INSERT INTO homeworksubmissions (id, homeworkid, studentid, submittedat, marks, verificationstatus) VALUES (44, 2, 22, CURRENT_TIMESTAMP, 9.5, 'Graded');
INSERT INTO homeworksubmissions (id, homeworkid, studentid, submittedat, marks, verificationstatus) VALUES (45, 1, 23, CURRENT_TIMESTAMP, 9.5, 'Graded');
INSERT INTO homeworksubmissions (id, homeworkid, studentid, submittedat, marks, verificationstatus) VALUES (46, 2, 23, CURRENT_TIMESTAMP, 9.5, 'Graded');
INSERT INTO homeworksubmissions (id, homeworkid, studentid, submittedat, marks, verificationstatus) VALUES (47, 1, 24, CURRENT_TIMESTAMP, 9.5, 'Graded');
INSERT INTO homeworksubmissions (id, homeworkid, studentid, submittedat, marks, verificationstatus) VALUES (48, 2, 24, CURRENT_TIMESTAMP, 9.5, 'Graded');
INSERT INTO homeworksubmissions (id, homeworkid, studentid, submittedat, marks, verificationstatus) VALUES (49, 1, 25, CURRENT_TIMESTAMP, 9.5, 'Graded');
INSERT INTO homeworksubmissions (id, homeworkid, studentid, submittedat, marks, verificationstatus) VALUES (50, 2, 25, CURRENT_TIMESTAMP, 9.5, 'Graded');
INSERT INTO homeworksubmissions (id, homeworkid, studentid, submittedat, marks, verificationstatus) VALUES (51, 1, 26, CURRENT_TIMESTAMP, 9.5, 'Graded');
INSERT INTO homeworksubmissions (id, homeworkid, studentid, submittedat, marks, verificationstatus) VALUES (52, 2, 26, CURRENT_TIMESTAMP, 9.5, 'Graded');
INSERT INTO homeworksubmissions (id, homeworkid, studentid, submittedat, marks, verificationstatus) VALUES (53, 1, 27, CURRENT_TIMESTAMP, 9.5, 'Graded');
INSERT INTO homeworksubmissions (id, homeworkid, studentid, submittedat, marks, verificationstatus) VALUES (54, 2, 27, CURRENT_TIMESTAMP, 9.5, 'Graded');
INSERT INTO homeworksubmissions (id, homeworkid, studentid, submittedat, marks, verificationstatus) VALUES (55, 1, 28, CURRENT_TIMESTAMP, 9.5, 'Graded');
INSERT INTO homeworksubmissions (id, homeworkid, studentid, submittedat, marks, verificationstatus) VALUES (56, 2, 28, CURRENT_TIMESTAMP, 9.5, 'Graded');
INSERT INTO homeworksubmissions (id, homeworkid, studentid, submittedat, marks, verificationstatus) VALUES (57, 1, 29, CURRENT_TIMESTAMP, 9.5, 'Graded');
INSERT INTO homeworksubmissions (id, homeworkid, studentid, submittedat, marks, verificationstatus) VALUES (58, 2, 29, CURRENT_TIMESTAMP, 9.5, 'Graded');
INSERT INTO homeworksubmissions (id, homeworkid, studentid, submittedat, marks, verificationstatus) VALUES (59, 1, 30, CURRENT_TIMESTAMP, 9.5, 'Graded');
INSERT INTO homeworksubmissions (id, homeworkid, studentid, submittedat, marks, verificationstatus) VALUES (60, 2, 30, CURRENT_TIMESTAMP, 9.5, 'Graded');
INSERT INTO homeworksubmissions (id, homeworkid, studentid, submittedat, marks, verificationstatus) VALUES (61, 1, 31, CURRENT_TIMESTAMP, 9.5, 'Graded');
INSERT INTO homeworksubmissions (id, homeworkid, studentid, submittedat, marks, verificationstatus) VALUES (62, 2, 31, CURRENT_TIMESTAMP, 9.5, 'Graded');
INSERT INTO homeworksubmissions (id, homeworkid, studentid, submittedat, marks, verificationstatus) VALUES (63, 1, 32, CURRENT_TIMESTAMP, 9.5, 'Graded');
INSERT INTO homeworksubmissions (id, homeworkid, studentid, submittedat, marks, verificationstatus) VALUES (64, 2, 32, CURRENT_TIMESTAMP, 9.5, 'Graded');
INSERT INTO homeworksubmissions (id, homeworkid, studentid, submittedat, marks, verificationstatus) VALUES (65, 1, 33, CURRENT_TIMESTAMP, 9.5, 'Graded');
INSERT INTO homeworksubmissions (id, homeworkid, studentid, submittedat, marks, verificationstatus) VALUES (66, 2, 33, CURRENT_TIMESTAMP, 9.5, 'Graded');
INSERT INTO homeworksubmissions (id, homeworkid, studentid, submittedat, marks, verificationstatus) VALUES (67, 1, 34, CURRENT_TIMESTAMP, 9.5, 'Graded');
INSERT INTO homeworksubmissions (id, homeworkid, studentid, submittedat, marks, verificationstatus) VALUES (68, 2, 34, CURRENT_TIMESTAMP, 9.5, 'Graded');
INSERT INTO homeworksubmissions (id, homeworkid, studentid, submittedat, marks, verificationstatus) VALUES (69, 1, 35, CURRENT_TIMESTAMP, 9.5, 'Graded');
INSERT INTO homeworksubmissions (id, homeworkid, studentid, submittedat, marks, verificationstatus) VALUES (70, 2, 35, CURRENT_TIMESTAMP, 9.5, 'Graded');
INSERT INTO homeworksubmissions (id, homeworkid, studentid, submittedat, marks, verificationstatus) VALUES (71, 1, 36, CURRENT_TIMESTAMP, 9.5, 'Graded');
INSERT INTO homeworksubmissions (id, homeworkid, studentid, submittedat, marks, verificationstatus) VALUES (72, 2, 36, CURRENT_TIMESTAMP, 9.5, 'Graded');
INSERT INTO homeworksubmissions (id, homeworkid, studentid, submittedat, marks, verificationstatus) VALUES (73, 1, 37, CURRENT_TIMESTAMP, 9.5, 'Graded');
INSERT INTO homeworksubmissions (id, homeworkid, studentid, submittedat, marks, verificationstatus) VALUES (74, 2, 37, CURRENT_TIMESTAMP, 9.5, 'Graded');
INSERT INTO homeworksubmissions (id, homeworkid, studentid, submittedat, marks, verificationstatus) VALUES (75, 1, 38, CURRENT_TIMESTAMP, 9.5, 'Graded');
INSERT INTO homeworksubmissions (id, homeworkid, studentid, submittedat, marks, verificationstatus) VALUES (76, 2, 38, CURRENT_TIMESTAMP, 9.5, 'Graded');
INSERT INTO homeworksubmissions (id, homeworkid, studentid, submittedat, marks, verificationstatus) VALUES (77, 1, 39, CURRENT_TIMESTAMP, 9.5, 'Graded');
INSERT INTO homeworksubmissions (id, homeworkid, studentid, submittedat, marks, verificationstatus) VALUES (78, 2, 39, CURRENT_TIMESTAMP, 9.5, 'Graded');
INSERT INTO homeworksubmissions (id, homeworkid, studentid, submittedat, marks, verificationstatus) VALUES (79, 1, 40, CURRENT_TIMESTAMP, 9.5, 'Graded');
INSERT INTO homeworksubmissions (id, homeworkid, studentid, submittedat, marks, verificationstatus) VALUES (80, 2, 40, CURRENT_TIMESTAMP, 9.5, 'Graded');
INSERT INTO homeworksubmissions (id, homeworkid, studentid, submittedat, marks, verificationstatus) VALUES (81, 1, 41, CURRENT_TIMESTAMP, 9.5, 'Graded');
INSERT INTO homeworksubmissions (id, homeworkid, studentid, submittedat, marks, verificationstatus) VALUES (82, 2, 41, CURRENT_TIMESTAMP, 9.5, 'Graded');
INSERT INTO homeworksubmissions (id, homeworkid, studentid, submittedat, marks, verificationstatus) VALUES (83, 1, 42, CURRENT_TIMESTAMP, 9.5, 'Graded');
INSERT INTO homeworksubmissions (id, homeworkid, studentid, submittedat, marks, verificationstatus) VALUES (84, 2, 42, CURRENT_TIMESTAMP, 9.5, 'Graded');
INSERT INTO homeworksubmissions (id, homeworkid, studentid, submittedat, marks, verificationstatus) VALUES (85, 1, 43, CURRENT_TIMESTAMP, 9.5, 'Graded');
INSERT INTO homeworksubmissions (id, homeworkid, studentid, submittedat, marks, verificationstatus) VALUES (86, 2, 43, CURRENT_TIMESTAMP, 9.5, 'Graded');
INSERT INTO homeworksubmissions (id, homeworkid, studentid, submittedat, marks, verificationstatus) VALUES (87, 1, 44, CURRENT_TIMESTAMP, 9.5, 'Graded');
INSERT INTO homeworksubmissions (id, homeworkid, studentid, submittedat, marks, verificationstatus) VALUES (88, 2, 44, CURRENT_TIMESTAMP, 9.5, 'Graded');
INSERT INTO homeworksubmissions (id, homeworkid, studentid, submittedat, marks, verificationstatus) VALUES (89, 1, 45, CURRENT_TIMESTAMP, 9.5, 'Graded');
INSERT INTO homeworksubmissions (id, homeworkid, studentid, submittedat, marks, verificationstatus) VALUES (90, 2, 45, CURRENT_TIMESTAMP, 9.5, 'Graded');
INSERT INTO homeworksubmissions (id, homeworkid, studentid, submittedat, marks, verificationstatus) VALUES (91, 1, 46, CURRENT_TIMESTAMP, 9.5, 'Graded');
INSERT INTO homeworksubmissions (id, homeworkid, studentid, submittedat, marks, verificationstatus) VALUES (92, 2, 46, CURRENT_TIMESTAMP, 9.5, 'Graded');
INSERT INTO homeworksubmissions (id, homeworkid, studentid, submittedat, marks, verificationstatus) VALUES (93, 1, 47, CURRENT_TIMESTAMP, 9.5, 'Graded');
INSERT INTO homeworksubmissions (id, homeworkid, studentid, submittedat, marks, verificationstatus) VALUES (94, 2, 47, CURRENT_TIMESTAMP, 9.5, 'Graded');
INSERT INTO homeworksubmissions (id, homeworkid, studentid, submittedat, marks, verificationstatus) VALUES (95, 1, 48, CURRENT_TIMESTAMP, 9.5, 'Graded');
INSERT INTO homeworksubmissions (id, homeworkid, studentid, submittedat, marks, verificationstatus) VALUES (96, 2, 48, CURRENT_TIMESTAMP, 9.5, 'Graded');
INSERT INTO homeworksubmissions (id, homeworkid, studentid, submittedat, marks, verificationstatus) VALUES (97, 1, 49, CURRENT_TIMESTAMP, 9.5, 'Graded');
INSERT INTO homeworksubmissions (id, homeworkid, studentid, submittedat, marks, verificationstatus) VALUES (98, 2, 49, CURRENT_TIMESTAMP, 9.5, 'Graded');
INSERT INTO homeworksubmissions (id, homeworkid, studentid, submittedat, marks, verificationstatus) VALUES (99, 1, 50, CURRENT_TIMESTAMP, 9.5, 'Graded');
INSERT INTO homeworksubmissions (id, homeworkid, studentid, submittedat, marks, verificationstatus) VALUES (100, 2, 50, CURRENT_TIMESTAMP, 9.5, 'Graded');

-- Exams
INSERT INTO exams (id, examname, academicyearid) VALUES (1, 'Mid Term', 1);
INSERT INTO exams (id, examname, academicyearid) VALUES (2, 'Final', 1);

-- Exam Schedules
INSERT INTO examschedules (id, examid, classid, subjectid, examdate, durationminutes, session) VALUES (1, 1, 1, 1, '2025-07-01', 120, 'Morning');
INSERT INTO examschedules (id, examid, classid, subjectid, examdate, durationminutes, session) VALUES (2, 1, 1, 2, '2025-07-01', 120, 'Morning');
INSERT INTO examschedules (id, examid, classid, subjectid, examdate, durationminutes, session) VALUES (3, 1, 1, 3, '2025-07-01', 120, 'Morning');
INSERT INTO examschedules (id, examid, classid, subjectid, examdate, durationminutes, session) VALUES (4, 1, 2, 1, '2025-07-01', 120, 'Morning');
INSERT INTO examschedules (id, examid, classid, subjectid, examdate, durationminutes, session) VALUES (5, 1, 2, 2, '2025-07-01', 120, 'Morning');
INSERT INTO examschedules (id, examid, classid, subjectid, examdate, durationminutes, session) VALUES (6, 1, 2, 3, '2025-07-01', 120, 'Morning');
INSERT INTO examschedules (id, examid, classid, subjectid, examdate, durationminutes, session) VALUES (7, 1, 3, 1, '2025-07-01', 120, 'Morning');
INSERT INTO examschedules (id, examid, classid, subjectid, examdate, durationminutes, session) VALUES (8, 1, 3, 2, '2025-07-01', 120, 'Morning');
INSERT INTO examschedules (id, examid, classid, subjectid, examdate, durationminutes, session) VALUES (9, 1, 3, 3, '2025-07-01', 120, 'Morning');
INSERT INTO examschedules (id, examid, classid, subjectid, examdate, durationminutes, session) VALUES (10, 1, 4, 1, '2025-07-01', 120, 'Morning');
INSERT INTO examschedules (id, examid, classid, subjectid, examdate, durationminutes, session) VALUES (11, 1, 4, 2, '2025-07-01', 120, 'Morning');
INSERT INTO examschedules (id, examid, classid, subjectid, examdate, durationminutes, session) VALUES (12, 1, 4, 3, '2025-07-01', 120, 'Morning');
INSERT INTO examschedules (id, examid, classid, subjectid, examdate, durationminutes, session) VALUES (13, 1, 5, 1, '2025-07-01', 120, 'Morning');
INSERT INTO examschedules (id, examid, classid, subjectid, examdate, durationminutes, session) VALUES (14, 1, 5, 2, '2025-07-01', 120, 'Morning');
INSERT INTO examschedules (id, examid, classid, subjectid, examdate, durationminutes, session) VALUES (15, 1, 5, 3, '2025-07-01', 120, 'Morning');

-- Exam Results
INSERT INTO examresults (id, examid, studentid, subjectid, marks) VALUES (1, 1, 1, 1, 85.74);
INSERT INTO examresults (id, examid, studentid, subjectid, marks) VALUES (2, 1, 1, 2, 78.32);
INSERT INTO examresults (id, examid, studentid, subjectid, marks) VALUES (3, 1, 1, 3, 72.91);
INSERT INTO examresults (id, examid, studentid, subjectid, marks) VALUES (4, 1, 2, 1, 93.18);
INSERT INTO examresults (id, examid, studentid, subjectid, marks) VALUES (5, 1, 2, 2, 93.59);
INSERT INTO examresults (id, examid, studentid, subjectid, marks) VALUES (6, 1, 2, 3, 83.52);
INSERT INTO examresults (id, examid, studentid, subjectid, marks) VALUES (7, 1, 3, 1, 77.38);
INSERT INTO examresults (id, examid, studentid, subjectid, marks) VALUES (8, 1, 3, 2, 79.54);
INSERT INTO examresults (id, examid, studentid, subjectid, marks) VALUES (9, 1, 3, 3, 68.29);
INSERT INTO examresults (id, examid, studentid, subjectid, marks) VALUES (10, 1, 4, 1, 49.06);
INSERT INTO examresults (id, examid, studentid, subjectid, marks) VALUES (11, 1, 4, 2, 41.16);
INSERT INTO examresults (id, examid, studentid, subjectid, marks) VALUES (12, 1, 4, 3, 74.02);
INSERT INTO examresults (id, examid, studentid, subjectid, marks) VALUES (13, 1, 5, 1, 78.11);
INSERT INTO examresults (id, examid, studentid, subjectid, marks) VALUES (14, 1, 5, 2, 51.90);
INSERT INTO examresults (id, examid, studentid, subjectid, marks) VALUES (15, 1, 5, 3, 80.05);
INSERT INTO examresults (id, examid, studentid, subjectid, marks) VALUES (16, 1, 6, 1, 78.15);
INSERT INTO examresults (id, examid, studentid, subjectid, marks) VALUES (17, 1, 6, 2, 56.80);
INSERT INTO examresults (id, examid, studentid, subjectid, marks) VALUES (18, 1, 6, 3, 87.23);
INSERT INTO examresults (id, examid, studentid, subjectid, marks) VALUES (19, 1, 7, 1, 50.18);
INSERT INTO examresults (id, examid, studentid, subjectid, marks) VALUES (20, 1, 7, 2, 71.03);
INSERT INTO examresults (id, examid, studentid, subjectid, marks) VALUES (21, 1, 7, 3, 45.22);
INSERT INTO examresults (id, examid, studentid, subjectid, marks) VALUES (22, 1, 8, 1, 69.81);
INSERT INTO examresults (id, examid, studentid, subjectid, marks) VALUES (23, 1, 8, 2, 51.22);
INSERT INTO examresults (id, examid, studentid, subjectid, marks) VALUES (24, 1, 8, 3, 81.45);
INSERT INTO examresults (id, examid, studentid, subjectid, marks) VALUES (25, 1, 9, 1, 69.85);
INSERT INTO examresults (id, examid, studentid, subjectid, marks) VALUES (26, 1, 9, 2, 66.90);
INSERT INTO examresults (id, examid, studentid, subjectid, marks) VALUES (27, 1, 9, 3, 43.94);
INSERT INTO examresults (id, examid, studentid, subjectid, marks) VALUES (28, 1, 10, 1, 75.91);
INSERT INTO examresults (id, examid, studentid, subjectid, marks) VALUES (29, 1, 10, 2, 99.48);
INSERT INTO examresults (id, examid, studentid, subjectid, marks) VALUES (30, 1, 10, 3, 48.85);
INSERT INTO examresults (id, examid, studentid, subjectid, marks) VALUES (31, 1, 11, 1, 68.09);
INSERT INTO examresults (id, examid, studentid, subjectid, marks) VALUES (32, 1, 11, 2, 88.21);
INSERT INTO examresults (id, examid, studentid, subjectid, marks) VALUES (33, 1, 11, 3, 72.00);
INSERT INTO examresults (id, examid, studentid, subjectid, marks) VALUES (34, 1, 12, 1, 87.99);
INSERT INTO examresults (id, examid, studentid, subjectid, marks) VALUES (35, 1, 12, 2, 63.31);
INSERT INTO examresults (id, examid, studentid, subjectid, marks) VALUES (36, 1, 12, 3, 81.23);
INSERT INTO examresults (id, examid, studentid, subjectid, marks) VALUES (37, 1, 13, 1, 64.60);
INSERT INTO examresults (id, examid, studentid, subjectid, marks) VALUES (38, 1, 13, 2, 85.99);
INSERT INTO examresults (id, examid, studentid, subjectid, marks) VALUES (39, 1, 13, 3, 48.34);
INSERT INTO examresults (id, examid, studentid, subjectid, marks) VALUES (40, 1, 14, 1, 82.01);
INSERT INTO examresults (id, examid, studentid, subjectid, marks) VALUES (41, 1, 14, 2, 52.05);
INSERT INTO examresults (id, examid, studentid, subjectid, marks) VALUES (42, 1, 14, 3, 95.62);
INSERT INTO examresults (id, examid, studentid, subjectid, marks) VALUES (43, 1, 15, 1, 68.72);
INSERT INTO examresults (id, examid, studentid, subjectid, marks) VALUES (44, 1, 15, 2, 83.04);
INSERT INTO examresults (id, examid, studentid, subjectid, marks) VALUES (45, 1, 15, 3, 98.95);
INSERT INTO examresults (id, examid, studentid, subjectid, marks) VALUES (46, 1, 16, 1, 70.60);
INSERT INTO examresults (id, examid, studentid, subjectid, marks) VALUES (47, 1, 16, 2, 46.06);
INSERT INTO examresults (id, examid, studentid, subjectid, marks) VALUES (48, 1, 16, 3, 67.84);
INSERT INTO examresults (id, examid, studentid, subjectid, marks) VALUES (49, 1, 17, 1, 49.68);
INSERT INTO examresults (id, examid, studentid, subjectid, marks) VALUES (50, 1, 17, 2, 70.56);
INSERT INTO examresults (id, examid, studentid, subjectid, marks) VALUES (51, 1, 17, 3, 89.50);
INSERT INTO examresults (id, examid, studentid, subjectid, marks) VALUES (52, 1, 18, 1, 41.33);
INSERT INTO examresults (id, examid, studentid, subjectid, marks) VALUES (53, 1, 18, 2, 71.89);
INSERT INTO examresults (id, examid, studentid, subjectid, marks) VALUES (54, 1, 18, 3, 47.44);
INSERT INTO examresults (id, examid, studentid, subjectid, marks) VALUES (55, 1, 19, 1, 48.77);
INSERT INTO examresults (id, examid, studentid, subjectid, marks) VALUES (56, 1, 19, 2, 68.09);
INSERT INTO examresults (id, examid, studentid, subjectid, marks) VALUES (57, 1, 19, 3, 87.49);
INSERT INTO examresults (id, examid, studentid, subjectid, marks) VALUES (58, 1, 20, 1, 94.34);
INSERT INTO examresults (id, examid, studentid, subjectid, marks) VALUES (59, 1, 20, 2, 80.41);
INSERT INTO examresults (id, examid, studentid, subjectid, marks) VALUES (60, 1, 20, 3, 55.00);

-- Notifications
INSERT INTO notifications (id, title, message, createdbyuserid, createdat) VALUES (1, 'Notice 0', 'This is a message', 1, CURRENT_TIMESTAMP);
INSERT INTO notifications (id, title, message, createdbyuserid, createdat) VALUES (2, 'Notice 1', 'This is a message', 1, CURRENT_TIMESTAMP);
INSERT INTO notifications (id, title, message, createdbyuserid, createdat) VALUES (3, 'Notice 2', 'This is a message', 1, CURRENT_TIMESTAMP);
INSERT INTO notifications (id, title, message, createdbyuserid, createdat) VALUES (4, 'Notice 3', 'This is a message', 1, CURRENT_TIMESTAMP);
INSERT INTO notifications (id, title, message, createdbyuserid, createdat) VALUES (5, 'Notice 4', 'This is a message', 1, CURRENT_TIMESTAMP);
INSERT INTO notifications (id, title, message, createdbyuserid, createdat) VALUES (6, 'Notice 5', 'This is a message', 1, CURRENT_TIMESTAMP);
INSERT INTO notifications (id, title, message, createdbyuserid, createdat) VALUES (7, 'Notice 6', 'This is a message', 1, CURRENT_TIMESTAMP);
INSERT INTO notifications (id, title, message, createdbyuserid, createdat) VALUES (8, 'Notice 7', 'This is a message', 1, CURRENT_TIMESTAMP);
INSERT INTO notifications (id, title, message, createdbyuserid, createdat) VALUES (9, 'Notice 8', 'This is a message', 1, CURRENT_TIMESTAMP);
INSERT INTO notifications (id, title, message, createdbyuserid, createdat) VALUES (10, 'Notice 9', 'This is a message', 1, CURRENT_TIMESTAMP);
INSERT INTO notifications (id, title, message, createdbyuserid, createdat) VALUES (11, 'Notice 10', 'This is a message', 1, CURRENT_TIMESTAMP);
INSERT INTO notifications (id, title, message, createdbyuserid, createdat) VALUES (12, 'Notice 11', 'This is a message', 1, CURRENT_TIMESTAMP);
INSERT INTO notifications (id, title, message, createdbyuserid, createdat) VALUES (13, 'Notice 12', 'This is a message', 1, CURRENT_TIMESTAMP);
INSERT INTO notifications (id, title, message, createdbyuserid, createdat) VALUES (14, 'Notice 13', 'This is a message', 1, CURRENT_TIMESTAMP);
INSERT INTO notifications (id, title, message, createdbyuserid, createdat) VALUES (15, 'Notice 14', 'This is a message', 1, CURRENT_TIMESTAMP);

-- User Notifications
INSERT INTO usernotifications (id, notificationid, userid, isread) VALUES (1, 1, 57, false);
INSERT INTO usernotifications (id, notificationid, userid, isread) VALUES (2, 1, 58, false);
INSERT INTO usernotifications (id, notificationid, userid, isread) VALUES (3, 1, 59, false);
INSERT INTO usernotifications (id, notificationid, userid, isread) VALUES (4, 1, 60, false);
INSERT INTO usernotifications (id, notificationid, userid, isread) VALUES (5, 1, 61, false);
INSERT INTO usernotifications (id, notificationid, userid, isread) VALUES (6, 2, 57, false);
INSERT INTO usernotifications (id, notificationid, userid, isread) VALUES (7, 2, 58, false);
INSERT INTO usernotifications (id, notificationid, userid, isread) VALUES (8, 2, 59, false);
INSERT INTO usernotifications (id, notificationid, userid, isread) VALUES (9, 2, 60, false);
INSERT INTO usernotifications (id, notificationid, userid, isread) VALUES (10, 2, 61, false);
INSERT INTO usernotifications (id, notificationid, userid, isread) VALUES (11, 3, 57, false);
INSERT INTO usernotifications (id, notificationid, userid, isread) VALUES (12, 3, 58, false);
INSERT INTO usernotifications (id, notificationid, userid, isread) VALUES (13, 3, 59, false);
INSERT INTO usernotifications (id, notificationid, userid, isread) VALUES (14, 3, 60, false);
INSERT INTO usernotifications (id, notificationid, userid, isread) VALUES (15, 3, 61, false);
INSERT INTO usernotifications (id, notificationid, userid, isread) VALUES (16, 4, 57, false);
INSERT INTO usernotifications (id, notificationid, userid, isread) VALUES (17, 4, 58, false);
INSERT INTO usernotifications (id, notificationid, userid, isread) VALUES (18, 4, 59, false);
INSERT INTO usernotifications (id, notificationid, userid, isread) VALUES (19, 4, 60, false);
INSERT INTO usernotifications (id, notificationid, userid, isread) VALUES (20, 4, 61, false);
INSERT INTO usernotifications (id, notificationid, userid, isread) VALUES (21, 5, 57, false);
INSERT INTO usernotifications (id, notificationid, userid, isread) VALUES (22, 5, 58, false);
INSERT INTO usernotifications (id, notificationid, userid, isread) VALUES (23, 5, 59, false);
INSERT INTO usernotifications (id, notificationid, userid, isread) VALUES (24, 5, 60, false);
INSERT INTO usernotifications (id, notificationid, userid, isread) VALUES (25, 5, 61, false);
INSERT INTO usernotifications (id, notificationid, userid, isread) VALUES (26, 6, 57, false);
INSERT INTO usernotifications (id, notificationid, userid, isread) VALUES (27, 6, 58, false);
INSERT INTO usernotifications (id, notificationid, userid, isread) VALUES (28, 6, 59, false);
INSERT INTO usernotifications (id, notificationid, userid, isread) VALUES (29, 6, 60, false);
INSERT INTO usernotifications (id, notificationid, userid, isread) VALUES (30, 6, 61, false);
INSERT INTO usernotifications (id, notificationid, userid, isread) VALUES (31, 7, 57, false);
INSERT INTO usernotifications (id, notificationid, userid, isread) VALUES (32, 7, 58, false);
INSERT INTO usernotifications (id, notificationid, userid, isread) VALUES (33, 7, 59, false);
INSERT INTO usernotifications (id, notificationid, userid, isread) VALUES (34, 7, 60, false);
INSERT INTO usernotifications (id, notificationid, userid, isread) VALUES (35, 7, 61, false);
INSERT INTO usernotifications (id, notificationid, userid, isread) VALUES (36, 8, 57, false);
INSERT INTO usernotifications (id, notificationid, userid, isread) VALUES (37, 8, 58, false);
INSERT INTO usernotifications (id, notificationid, userid, isread) VALUES (38, 8, 59, false);
INSERT INTO usernotifications (id, notificationid, userid, isread) VALUES (39, 8, 60, false);
INSERT INTO usernotifications (id, notificationid, userid, isread) VALUES (40, 8, 61, false);
INSERT INTO usernotifications (id, notificationid, userid, isread) VALUES (41, 9, 57, false);
INSERT INTO usernotifications (id, notificationid, userid, isread) VALUES (42, 9, 58, false);
INSERT INTO usernotifications (id, notificationid, userid, isread) VALUES (43, 9, 59, false);
INSERT INTO usernotifications (id, notificationid, userid, isread) VALUES (44, 9, 60, false);
INSERT INTO usernotifications (id, notificationid, userid, isread) VALUES (45, 9, 61, false);
INSERT INTO usernotifications (id, notificationid, userid, isread) VALUES (46, 10, 57, false);
INSERT INTO usernotifications (id, notificationid, userid, isread) VALUES (47, 10, 58, false);
INSERT INTO usernotifications (id, notificationid, userid, isread) VALUES (48, 10, 59, false);
INSERT INTO usernotifications (id, notificationid, userid, isread) VALUES (49, 10, 60, false);
INSERT INTO usernotifications (id, notificationid, userid, isread) VALUES (50, 10, 61, false);
INSERT INTO usernotifications (id, notificationid, userid, isread) VALUES (51, 11, 57, false);
INSERT INTO usernotifications (id, notificationid, userid, isread) VALUES (52, 11, 58, false);
INSERT INTO usernotifications (id, notificationid, userid, isread) VALUES (53, 11, 59, false);
INSERT INTO usernotifications (id, notificationid, userid, isread) VALUES (54, 11, 60, false);
INSERT INTO usernotifications (id, notificationid, userid, isread) VALUES (55, 11, 61, false);
INSERT INTO usernotifications (id, notificationid, userid, isread) VALUES (56, 12, 57, false);
INSERT INTO usernotifications (id, notificationid, userid, isread) VALUES (57, 12, 58, false);
INSERT INTO usernotifications (id, notificationid, userid, isread) VALUES (58, 12, 59, false);
INSERT INTO usernotifications (id, notificationid, userid, isread) VALUES (59, 12, 60, false);
INSERT INTO usernotifications (id, notificationid, userid, isread) VALUES (60, 12, 61, false);
INSERT INTO usernotifications (id, notificationid, userid, isread) VALUES (61, 13, 57, false);
INSERT INTO usernotifications (id, notificationid, userid, isread) VALUES (62, 13, 58, false);
INSERT INTO usernotifications (id, notificationid, userid, isread) VALUES (63, 13, 59, false);
INSERT INTO usernotifications (id, notificationid, userid, isread) VALUES (64, 13, 60, false);
INSERT INTO usernotifications (id, notificationid, userid, isread) VALUES (65, 13, 61, false);
INSERT INTO usernotifications (id, notificationid, userid, isread) VALUES (66, 14, 57, false);
INSERT INTO usernotifications (id, notificationid, userid, isread) VALUES (67, 14, 58, false);
INSERT INTO usernotifications (id, notificationid, userid, isread) VALUES (68, 14, 59, false);
INSERT INTO usernotifications (id, notificationid, userid, isread) VALUES (69, 14, 60, false);
INSERT INTO usernotifications (id, notificationid, userid, isread) VALUES (70, 14, 61, false);
INSERT INTO usernotifications (id, notificationid, userid, isread) VALUES (71, 15, 57, false);
INSERT INTO usernotifications (id, notificationid, userid, isread) VALUES (72, 15, 58, false);
INSERT INTO usernotifications (id, notificationid, userid, isread) VALUES (73, 15, 59, false);
INSERT INTO usernotifications (id, notificationid, userid, isread) VALUES (74, 15, 60, false);
INSERT INTO usernotifications (id, notificationid, userid, isread) VALUES (75, 15, 61, false);

-- Asset Types
INSERT INTO assettypes (id, typename) VALUES (1, 'Electronics');
INSERT INTO assettypes (id, typename) VALUES (2, 'Furniture');

-- Assets
INSERT INTO assets (id, assetname, assettypeid, purchasedate, warrantyexpiry, status, assignedclassid, "Cost") VALUES (1, 'Asset 0', 1, '2023-01-01', '2026-01-01', 'Active', 19, 500.00);
INSERT INTO assets (id, assetname, assettypeid, purchasedate, warrantyexpiry, status, assignedclassid, "Cost") VALUES (2, 'Asset 1', 1, '2023-01-01', '2026-01-01', 'Active', 3, 500.00);
INSERT INTO assets (id, assetname, assettypeid, purchasedate, warrantyexpiry, status, assignedclassid, "Cost") VALUES (3, 'Asset 2', 2, '2023-01-01', '2026-01-01', 'Active', 16, 500.00);
INSERT INTO assets (id, assetname, assettypeid, purchasedate, warrantyexpiry, status, assignedclassid, "Cost") VALUES (4, 'Asset 3', 2, '2023-01-01', '2026-01-01', 'Active', 5, 500.00);
INSERT INTO assets (id, assetname, assettypeid, purchasedate, warrantyexpiry, status, assignedclassid, "Cost") VALUES (5, 'Asset 4', 1, '2023-01-01', '2026-01-01', 'Active', 19, 500.00);
INSERT INTO assets (id, assetname, assettypeid, purchasedate, warrantyexpiry, status, assignedclassid, "Cost") VALUES (6, 'Asset 5', 2, '2023-01-01', '2026-01-01', 'Active', 1, 500.00);
INSERT INTO assets (id, assetname, assettypeid, purchasedate, warrantyexpiry, status, assignedclassid, "Cost") VALUES (7, 'Asset 6', 1, '2023-01-01', '2026-01-01', 'Active', 20, 500.00);
INSERT INTO assets (id, assetname, assettypeid, purchasedate, warrantyexpiry, status, assignedclassid, "Cost") VALUES (8, 'Asset 7', 1, '2023-01-01', '2026-01-01', 'Active', 10, 500.00);
INSERT INTO assets (id, assetname, assettypeid, purchasedate, warrantyexpiry, status, assignedclassid, "Cost") VALUES (9, 'Asset 8', 1, '2023-01-01', '2026-01-01', 'Active', 8, 500.00);
INSERT INTO assets (id, assetname, assettypeid, purchasedate, warrantyexpiry, status, assignedclassid, "Cost") VALUES (10, 'Asset 9', 2, '2023-01-01', '2026-01-01', 'Active', 18, 500.00);
INSERT INTO assets (id, assetname, assettypeid, purchasedate, warrantyexpiry, status, assignedclassid, "Cost") VALUES (11, 'Asset 10', 2, '2023-01-01', '2026-01-01', 'Active', 18, 500.00);
INSERT INTO assets (id, assetname, assettypeid, purchasedate, warrantyexpiry, status, assignedclassid, "Cost") VALUES (12, 'Asset 11', 1, '2023-01-01', '2026-01-01', 'Active', 18, 500.00);
INSERT INTO assets (id, assetname, assettypeid, purchasedate, warrantyexpiry, status, assignedclassid, "Cost") VALUES (13, 'Asset 12', 2, '2023-01-01', '2026-01-01', 'Active', 20, 500.00);
INSERT INTO assets (id, assetname, assettypeid, purchasedate, warrantyexpiry, status, assignedclassid, "Cost") VALUES (14, 'Asset 13', 1, '2023-01-01', '2026-01-01', 'Active', 6, 500.00);
INSERT INTO assets (id, assetname, assettypeid, purchasedate, warrantyexpiry, status, assignedclassid, "Cost") VALUES (15, 'Asset 14', 2, '2023-01-01', '2026-01-01', 'Active', 12, 500.00);
INSERT INTO assets (id, assetname, assettypeid, purchasedate, warrantyexpiry, status, assignedclassid, "Cost") VALUES (16, 'Asset 15', 2, '2023-01-01', '2026-01-01', 'Active', 3, 500.00);
INSERT INTO assets (id, assetname, assettypeid, purchasedate, warrantyexpiry, status, assignedclassid, "Cost") VALUES (17, 'Asset 16', 2, '2023-01-01', '2026-01-01', 'Active', 16, 500.00);
INSERT INTO assets (id, assetname, assettypeid, purchasedate, warrantyexpiry, status, assignedclassid, "Cost") VALUES (18, 'Asset 17', 2, '2023-01-01', '2026-01-01', 'Active', 15, 500.00);
INSERT INTO assets (id, assetname, assettypeid, purchasedate, warrantyexpiry, status, assignedclassid, "Cost") VALUES (19, 'Asset 18', 1, '2023-01-01', '2026-01-01', 'Active', 4, 500.00);
INSERT INTO assets (id, assetname, assettypeid, purchasedate, warrantyexpiry, status, assignedclassid, "Cost") VALUES (20, 'Asset 19', 2, '2023-01-01', '2026-01-01', 'Active', 6, 500.00);
INSERT INTO assets (id, assetname, assettypeid, purchasedate, warrantyexpiry, status, assignedclassid, "Cost") VALUES (21, 'Asset 20', 2, '2023-01-01', '2026-01-01', 'Active', 16, 500.00);
INSERT INTO assets (id, assetname, assettypeid, purchasedate, warrantyexpiry, status, assignedclassid, "Cost") VALUES (22, 'Asset 21', 2, '2023-01-01', '2026-01-01', 'Active', 10, 500.00);
INSERT INTO assets (id, assetname, assettypeid, purchasedate, warrantyexpiry, status, assignedclassid, "Cost") VALUES (23, 'Asset 22', 2, '2023-01-01', '2026-01-01', 'Active', 14, 500.00);
INSERT INTO assets (id, assetname, assettypeid, purchasedate, warrantyexpiry, status, assignedclassid, "Cost") VALUES (24, 'Asset 23', 1, '2023-01-01', '2026-01-01', 'Active', 10, 500.00);
INSERT INTO assets (id, assetname, assettypeid, purchasedate, warrantyexpiry, status, assignedclassid, "Cost") VALUES (25, 'Asset 24', 1, '2023-01-01', '2026-01-01', 'Active', 20, 500.00);
INSERT INTO assets (id, assetname, assettypeid, purchasedate, warrantyexpiry, status, assignedclassid, "Cost") VALUES (26, 'Asset 25', 1, '2023-01-01', '2026-01-01', 'Active', 10, 500.00);
INSERT INTO assets (id, assetname, assettypeid, purchasedate, warrantyexpiry, status, assignedclassid, "Cost") VALUES (27, 'Asset 26', 1, '2023-01-01', '2026-01-01', 'Active', 6, 500.00);
INSERT INTO assets (id, assetname, assettypeid, purchasedate, warrantyexpiry, status, assignedclassid, "Cost") VALUES (28, 'Asset 27', 1, '2023-01-01', '2026-01-01', 'Active', 12, 500.00);
INSERT INTO assets (id, assetname, assettypeid, purchasedate, warrantyexpiry, status, assignedclassid, "Cost") VALUES (29, 'Asset 28', 1, '2023-01-01', '2026-01-01', 'Active', 14, 500.00);
INSERT INTO assets (id, assetname, assettypeid, purchasedate, warrantyexpiry, status, assignedclassid, "Cost") VALUES (30, 'Asset 29', 1, '2023-01-01', '2026-01-01', 'Active', 9, 500.00);
INSERT INTO assets (id, assetname, assettypeid, purchasedate, warrantyexpiry, status, assignedclassid, "Cost") VALUES (31, 'Asset 30', 2, '2023-01-01', '2026-01-01', 'Active', 20, 500.00);
INSERT INTO assets (id, assetname, assettypeid, purchasedate, warrantyexpiry, status, assignedclassid, "Cost") VALUES (32, 'Asset 31', 2, '2023-01-01', '2026-01-01', 'Active', 6, 500.00);
INSERT INTO assets (id, assetname, assettypeid, purchasedate, warrantyexpiry, status, assignedclassid, "Cost") VALUES (33, 'Asset 32', 1, '2023-01-01', '2026-01-01', 'Active', 12, 500.00);
INSERT INTO assets (id, assetname, assettypeid, purchasedate, warrantyexpiry, status, assignedclassid, "Cost") VALUES (34, 'Asset 33', 1, '2023-01-01', '2026-01-01', 'Active', 3, 500.00);
INSERT INTO assets (id, assetname, assettypeid, purchasedate, warrantyexpiry, status, assignedclassid, "Cost") VALUES (35, 'Asset 34', 2, '2023-01-01', '2026-01-01', 'Active', 4, 500.00);
INSERT INTO assets (id, assetname, assettypeid, purchasedate, warrantyexpiry, status, assignedclassid, "Cost") VALUES (36, 'Asset 35', 2, '2023-01-01', '2026-01-01', 'Active', 14, 500.00);
INSERT INTO assets (id, assetname, assettypeid, purchasedate, warrantyexpiry, status, assignedclassid, "Cost") VALUES (37, 'Asset 36', 1, '2023-01-01', '2026-01-01', 'Active', 18, 500.00);
INSERT INTO assets (id, assetname, assettypeid, purchasedate, warrantyexpiry, status, assignedclassid, "Cost") VALUES (38, 'Asset 37', 1, '2023-01-01', '2026-01-01', 'Active', 9, 500.00);
INSERT INTO assets (id, assetname, assettypeid, purchasedate, warrantyexpiry, status, assignedclassid, "Cost") VALUES (39, 'Asset 38', 2, '2023-01-01', '2026-01-01', 'Active', 15, 500.00);
INSERT INTO assets (id, assetname, assettypeid, purchasedate, warrantyexpiry, status, assignedclassid, "Cost") VALUES (40, 'Asset 39', 2, '2023-01-01', '2026-01-01', 'Active', 1, 500.00);
INSERT INTO assets (id, assetname, assettypeid, purchasedate, warrantyexpiry, status, assignedclassid, "Cost") VALUES (41, 'Asset 40', 1, '2023-01-01', '2026-01-01', 'Active', 11, 500.00);
INSERT INTO assets (id, assetname, assettypeid, purchasedate, warrantyexpiry, status, assignedclassid, "Cost") VALUES (42, 'Asset 41', 1, '2023-01-01', '2026-01-01', 'Active', 15, 500.00);
INSERT INTO assets (id, assetname, assettypeid, purchasedate, warrantyexpiry, status, assignedclassid, "Cost") VALUES (43, 'Asset 42', 1, '2023-01-01', '2026-01-01', 'Active', 10, 500.00);
INSERT INTO assets (id, assetname, assettypeid, purchasedate, warrantyexpiry, status, assignedclassid, "Cost") VALUES (44, 'Asset 43', 1, '2023-01-01', '2026-01-01', 'Active', 20, 500.00);
INSERT INTO assets (id, assetname, assettypeid, purchasedate, warrantyexpiry, status, assignedclassid, "Cost") VALUES (45, 'Asset 44', 1, '2023-01-01', '2026-01-01', 'Active', 4, 500.00);
INSERT INTO assets (id, assetname, assettypeid, purchasedate, warrantyexpiry, status, assignedclassid, "Cost") VALUES (46, 'Asset 45', 2, '2023-01-01', '2026-01-01', 'Active', 8, 500.00);
INSERT INTO assets (id, assetname, assettypeid, purchasedate, warrantyexpiry, status, assignedclassid, "Cost") VALUES (47, 'Asset 46', 1, '2023-01-01', '2026-01-01', 'Active', 2, 500.00);
INSERT INTO assets (id, assetname, assettypeid, purchasedate, warrantyexpiry, status, assignedclassid, "Cost") VALUES (48, 'Asset 47', 2, '2023-01-01', '2026-01-01', 'Active', 15, 500.00);
INSERT INTO assets (id, assetname, assettypeid, purchasedate, warrantyexpiry, status, assignedclassid, "Cost") VALUES (49, 'Asset 48', 1, '2023-01-01', '2026-01-01', 'Active', 8, 500.00);
INSERT INTO assets (id, assetname, assettypeid, purchasedate, warrantyexpiry, status, assignedclassid, "Cost") VALUES (50, 'Asset 49', 1, '2023-01-01', '2026-01-01', 'Active', 10, 500.00);

-- Asset Reports
INSERT INTO assetreports (id, assetid, status, report, createdat) VALUES (1, 1, 'Broken', 'Needs repair', CURRENT_TIMESTAMP);
INSERT INTO assetreports (id, assetid, status, report, createdat) VALUES (2, 2, 'Broken', 'Needs repair', CURRENT_TIMESTAMP);
INSERT INTO assetreports (id, assetid, status, report, createdat) VALUES (3, 3, 'Broken', 'Needs repair', CURRENT_TIMESTAMP);
INSERT INTO assetreports (id, assetid, status, report, createdat) VALUES (4, 4, 'Broken', 'Needs repair', CURRENT_TIMESTAMP);
INSERT INTO assetreports (id, assetid, status, report, createdat) VALUES (5, 5, 'Broken', 'Needs repair', CURRENT_TIMESTAMP);

-- Salaries
INSERT INTO salaries (id, teacherid, currentsalary, lastsalarydate, createdat) VALUES (1, 1, 50000.00, '2025-05-01', CURRENT_TIMESTAMP);
INSERT INTO salaries (id, teacherid, currentsalary, lastsalarydate, createdat) VALUES (2, 2, 50000.00, '2025-05-01', CURRENT_TIMESTAMP);
INSERT INTO salaries (id, teacherid, currentsalary, lastsalarydate, createdat) VALUES (3, 3, 50000.00, '2025-05-01', CURRENT_TIMESTAMP);
INSERT INTO salaries (id, teacherid, currentsalary, lastsalarydate, createdat) VALUES (4, 4, 50000.00, '2025-05-01', CURRENT_TIMESTAMP);
INSERT INTO salaries (id, teacherid, currentsalary, lastsalarydate, createdat) VALUES (5, 5, 50000.00, '2025-05-01', CURRENT_TIMESTAMP);
INSERT INTO salaries (id, teacherid, currentsalary, lastsalarydate, createdat) VALUES (6, 6, 50000.00, '2025-05-01', CURRENT_TIMESTAMP);
INSERT INTO salaries (id, teacherid, currentsalary, lastsalarydate, createdat) VALUES (7, 7, 50000.00, '2025-05-01', CURRENT_TIMESTAMP);
INSERT INTO salaries (id, teacherid, currentsalary, lastsalarydate, createdat) VALUES (8, 8, 50000.00, '2025-05-01', CURRENT_TIMESTAMP);
INSERT INTO salaries (id, teacherid, currentsalary, lastsalarydate, createdat) VALUES (9, 9, 50000.00, '2025-05-01', CURRENT_TIMESTAMP);
INSERT INTO salaries (id, teacherid, currentsalary, lastsalarydate, createdat) VALUES (10, 10, 50000.00, '2025-05-01', CURRENT_TIMESTAMP);
INSERT INTO salaries (id, teacherid, currentsalary, lastsalarydate, createdat) VALUES (11, 11, 50000.00, '2025-05-01', CURRENT_TIMESTAMP);
INSERT INTO salaries (id, teacherid, currentsalary, lastsalarydate, createdat) VALUES (12, 12, 50000.00, '2025-05-01', CURRENT_TIMESTAMP);
INSERT INTO salaries (id, teacherid, currentsalary, lastsalarydate, createdat) VALUES (13, 13, 50000.00, '2025-05-01', CURRENT_TIMESTAMP);
INSERT INTO salaries (id, teacherid, currentsalary, lastsalarydate, createdat) VALUES (14, 14, 50000.00, '2025-05-01', CURRENT_TIMESTAMP);
INSERT INTO salaries (id, teacherid, currentsalary, lastsalarydate, createdat) VALUES (15, 15, 50000.00, '2025-05-01', CURRENT_TIMESTAMP);
INSERT INTO salaries (id, teacherid, currentsalary, lastsalarydate, createdat) VALUES (16, 16, 50000.00, '2025-05-01', CURRENT_TIMESTAMP);
INSERT INTO salaries (id, teacherid, currentsalary, lastsalarydate, createdat) VALUES (17, 17, 50000.00, '2025-05-01', CURRENT_TIMESTAMP);
INSERT INTO salaries (id, teacherid, currentsalary, lastsalarydate, createdat) VALUES (18, 18, 50000.00, '2025-05-01', CURRENT_TIMESTAMP);
INSERT INTO salaries (id, teacherid, currentsalary, lastsalarydate, createdat) VALUES (19, 19, 50000.00, '2025-05-01', CURRENT_TIMESTAMP);
INSERT INTO salaries (id, teacherid, currentsalary, lastsalarydate, createdat) VALUES (20, 20, 50000.00, '2025-05-01', CURRENT_TIMESTAMP);
INSERT INTO salaries (id, teacherid, currentsalary, lastsalarydate, createdat) VALUES (21, 21, 50000.00, '2025-05-01', CURRENT_TIMESTAMP);
INSERT INTO salaries (id, teacherid, currentsalary, lastsalarydate, createdat) VALUES (22, 22, 50000.00, '2025-05-01', CURRENT_TIMESTAMP);
INSERT INTO salaries (id, teacherid, currentsalary, lastsalarydate, createdat) VALUES (23, 23, 50000.00, '2025-05-01', CURRENT_TIMESTAMP);
INSERT INTO salaries (id, teacherid, currentsalary, lastsalarydate, createdat) VALUES (24, 24, 50000.00, '2025-05-01', CURRENT_TIMESTAMP);
INSERT INTO salaries (id, teacherid, currentsalary, lastsalarydate, createdat) VALUES (25, 25, 50000.00, '2025-05-01', CURRENT_TIMESTAMP);
INSERT INTO salaries (id, staffid, currentsalary, lastsalarydate, createdat) VALUES (26, 1, 25000.00, '2025-05-01', CURRENT_TIMESTAMP);
INSERT INTO salaries (id, staffid, currentsalary, lastsalarydate, createdat) VALUES (27, 2, 25000.00, '2025-05-01', CURRENT_TIMESTAMP);
INSERT INTO salaries (id, staffid, currentsalary, lastsalarydate, createdat) VALUES (28, 3, 25000.00, '2025-05-01', CURRENT_TIMESTAMP);
INSERT INTO salaries (id, staffid, currentsalary, lastsalarydate, createdat) VALUES (29, 4, 25000.00, '2025-05-01', CURRENT_TIMESTAMP);
INSERT INTO salaries (id, staffid, currentsalary, lastsalarydate, createdat) VALUES (30, 5, 25000.00, '2025-05-01', CURRENT_TIMESTAMP);
INSERT INTO salaries (id, staffid, currentsalary, lastsalarydate, createdat) VALUES (31, 6, 25000.00, '2025-05-01', CURRENT_TIMESTAMP);
INSERT INTO salaries (id, staffid, currentsalary, lastsalarydate, createdat) VALUES (32, 7, 25000.00, '2025-05-01', CURRENT_TIMESTAMP);
INSERT INTO salaries (id, staffid, currentsalary, lastsalarydate, createdat) VALUES (33, 8, 25000.00, '2025-05-01', CURRENT_TIMESTAMP);
INSERT INTO salaries (id, staffid, currentsalary, lastsalarydate, createdat) VALUES (34, 9, 25000.00, '2025-05-01', CURRENT_TIMESTAMP);
INSERT INTO salaries (id, staffid, currentsalary, lastsalarydate, createdat) VALUES (35, 10, 25000.00, '2025-05-01', CURRENT_TIMESTAMP);
INSERT INTO salaries (id, staffid, currentsalary, lastsalarydate, createdat) VALUES (36, 11, 25000.00, '2025-05-01', CURRENT_TIMESTAMP);
INSERT INTO salaries (id, staffid, currentsalary, lastsalarydate, createdat) VALUES (37, 12, 25000.00, '2025-05-01', CURRENT_TIMESTAMP);
INSERT INTO salaries (id, staffid, currentsalary, lastsalarydate, createdat) VALUES (38, 13, 25000.00, '2025-05-01', CURRENT_TIMESTAMP);
INSERT INTO salaries (id, staffid, currentsalary, lastsalarydate, createdat) VALUES (39, 14, 25000.00, '2025-05-01', CURRENT_TIMESTAMP);
INSERT INTO salaries (id, staffid, currentsalary, lastsalarydate, createdat) VALUES (40, 15, 25000.00, '2025-05-01', CURRENT_TIMESTAMP);
INSERT INTO salaries (id, staffid, currentsalary, lastsalarydate, createdat) VALUES (41, 16, 25000.00, '2025-05-01', CURRENT_TIMESTAMP);
INSERT INTO salaries (id, staffid, currentsalary, lastsalarydate, createdat) VALUES (42, 17, 25000.00, '2025-05-01', CURRENT_TIMESTAMP);
INSERT INTO salaries (id, staffid, currentsalary, lastsalarydate, createdat) VALUES (43, 18, 25000.00, '2025-05-01', CURRENT_TIMESTAMP);
INSERT INTO salaries (id, staffid, currentsalary, lastsalarydate, createdat) VALUES (44, 19, 25000.00, '2025-05-01', CURRENT_TIMESTAMP);
INSERT INTO salaries (id, staffid, currentsalary, lastsalarydate, createdat) VALUES (45, 20, 25000.00, '2025-05-01', CURRENT_TIMESTAMP);

-- Adjust sequences
SELECT setval(pg_get_serial_sequence('roles', 'id'), coalesce(max(id), 1), max(id) IS NOT null) FROM roles;
SELECT setval(pg_get_serial_sequence('users', 'id'), coalesce(max(id), 1), max(id) IS NOT null) FROM users;
SELECT setval(pg_get_serial_sequence('academicyears', 'id'), coalesce(max(id), 1), max(id) IS NOT null) FROM academicyears;
SELECT setval(pg_get_serial_sequence('stafftypes', 'id'), coalesce(max(id), 1), max(id) IS NOT null) FROM stafftypes;
SELECT setval(pg_get_serial_sequence('parents', 'id'), coalesce(max(id), 1), max(id) IS NOT null) FROM parents;
SELECT setval(pg_get_serial_sequence('teachers', 'id'), coalesce(max(id), 1), max(id) IS NOT null) FROM teachers;
SELECT setval(pg_get_serial_sequence('staff', 'id'), coalesce(max(id), 1), max(id) IS NOT null) FROM staff;
SELECT setval(pg_get_serial_sequence('students', 'id'), coalesce(max(id), 1), max(id) IS NOT null) FROM students;
SELECT setval(pg_get_serial_sequence('classes', 'id'), coalesce(max(id), 1), max(id) IS NOT null) FROM classes;
SELECT setval(pg_get_serial_sequence('subjects', 'id'), coalesce(max(id), 1), max(id) IS NOT null) FROM subjects;
SELECT setval(pg_get_serial_sequence('studentenrollments', 'id'), coalesce(max(id), 1), max(id) IS NOT null) FROM studentenrollments;
SELECT setval(pg_get_serial_sequence('teachersubjects', 'id'), coalesce(max(id), 1), max(id) IS NOT null) FROM teachersubjects;
SELECT setval(pg_get_serial_sequence('feestructures', 'id'), coalesce(max(id), 1), max(id) IS NOT null) FROM feestructures;
SELECT setval(pg_get_serial_sequence('feepayments', 'id'), coalesce(max(id), 1), max(id) IS NOT null) FROM feepayments;
SELECT setval(pg_get_serial_sequence('attendance', 'id'), coalesce(max(id), 1), max(id) IS NOT null) FROM attendance;
SELECT setval(pg_get_serial_sequence('"Staffattendances"', 'Id'), coalesce(max(Id), 1), max(Id) IS NOT null) FROM "Staffattendances";
SELECT setval(pg_get_serial_sequence('homework', 'id'), coalesce(max(id), 1), max(id) IS NOT null) FROM homework;
SELECT setval(pg_get_serial_sequence('homeworksubmissions', 'id'), coalesce(max(id), 1), max(id) IS NOT null) FROM homeworksubmissions;
SELECT setval(pg_get_serial_sequence('exams', 'id'), coalesce(max(id), 1), max(id) IS NOT null) FROM exams;
SELECT setval(pg_get_serial_sequence('examschedules', 'id'), coalesce(max(id), 1), max(id) IS NOT null) FROM examschedules;
SELECT setval(pg_get_serial_sequence('examresults', 'id'), coalesce(max(id), 1), max(id) IS NOT null) FROM examresults;
SELECT setval(pg_get_serial_sequence('notifications', 'id'), coalesce(max(id), 1), max(id) IS NOT null) FROM notifications;
SELECT setval(pg_get_serial_sequence('usernotifications', 'id'), coalesce(max(id), 1), max(id) IS NOT null) FROM usernotifications;
SELECT setval(pg_get_serial_sequence('assettypes', 'id'), coalesce(max(id), 1), max(id) IS NOT null) FROM assettypes;
SELECT setval(pg_get_serial_sequence('assets', 'id'), coalesce(max(id), 1), max(id) IS NOT null) FROM assets;
SELECT setval(pg_get_serial_sequence('assetreports', 'id'), coalesce(max(id), 1), max(id) IS NOT null) FROM assetreports;
SELECT setval(pg_get_serial_sequence('salaries', 'id'), coalesce(max(id), 1), max(id) IS NOT null) FROM salaries;